1b,Measure Ten Channel Change Time,19.314000000000004,PASS,2016-06-01 22:32:29
1b,Measure Ten Channel Change Time,22.1778,PASS,2016-06-01 22:47:40
1b,Measure Ten Channel Change Time,24.2757,PASS,2016-06-01 23:04:27
1b,Measure Ten Channel Change Time,22.0779,PASS,2016-06-01 23:16:02
1b,Measure Ten Channel Change Time,25.674300000000002,PASS,2016-06-01 23:33:42
1b,Measure Ten Channel Change Time,23.842800000000004,PASS,2016-06-01 23:46:48
1b,Measure Ten Channel Change Time,21.078900000000004,PASS,2016-06-01 23:58:17
1b,Measure Ten Channel Change Time,25.341300000000004,PASS,2016-06-02 00:11:54
1b,Measure Ten Channel Change Time,35.1315,PASS,2016-06-02 00:32:20
1b,Measure Ten Channel Change Time,19.880100000000002,PASS,2016-06-02 00:42:42
1b,Measure Ten Channel Change Time,26.8731,PASS,2016-06-02 00:57:55
1b,Measure Ten Channel Change Time,27.605700000000006,PASS,2016-06-02 01:13:09
1b,Measure Ten Channel Change Time,21.445200000000003,PASS,2016-06-02 01:27:13
1b,Measure Ten Channel Change Time,22.777200000000004,PASS,2016-06-02 01:38:39
1b,Measure Ten Channel Change Time,21.345300000000005,PASS,2016-06-02 01:49:02
1b,Measure Ten Channel Change Time,26.140500000000003,PASS,2016-06-02 02:02:58
1b,Measure Ten Channel Change Time,22.610699999999998,PASS,2016-06-02 02:18:01
1b,Measure Ten Channel Change Time,20.912399999999998,PASS,2016-06-02 02:31:50
1b,Measure Ten Channel Change Time,26.3736,PASS,2016-06-02 02:43:59
1b,Measure Ten Channel Change Time,26.540100000000002,PASS,2016-06-02 03:00:57
3.1a,Menu Launch Time,0.3663,PASS,2016-06-02 03:16:01
3.2a,GuideLaunchTimeMsrmentWithoutPIP,0,FAIL,2016-06-02 03:20:46
3.3,Info Launch,0.19980000000000003,PASS,2016-06-02 03:21:39
3.4,DVR Launch,1.0323,PASS,2016-06-02 03:22:52
3.1a,Menu Launch Time,0.5328,PASS,2016-06-02 03:23:51
3.2a,GuideLaunchTimeMsrmentWithoutPIP,0.666,PASS,2016-06-02 03:25:01
3.3,Info Launch,0.2997,PASS,2016-06-02 03:26:02
3.4,DVR Launch,0.7992,PASS,2016-06-02 03:27:09
3.1a,Menu Launch Time,0.43290000000000006,PASS,2016-06-02 03:28:07
3.2a,GuideLaunchTimeMsrmentWithoutPIP,0.4995,PASS,2016-06-02 03:29:07
3.3,Info Launch,0.23310000000000003,PASS,2016-06-02 03:30:06
3.4,DVR Launch,0.8658,PASS,2016-06-02 03:31:16
3.1a,Menu Launch Time,0.39960000000000007,PASS,2016-06-02 03:32:13
3.2a,GuideLaunchTimeMsrmentWithoutPIP,0.7992,PASS,2016-06-02 03:33:23
3.3,Info Launch,0.19980000000000003,PASS,2016-06-02 03:34:19
3.4,DVR Launch,0.666,PASS,2016-06-02 03:35:26
3.1a,Menu Launch Time,0.5994,PASS,2016-06-02 03:36:29
3.2a,GuideLaunchTimeMsrmentWithoutPIP,0.6327,PASS,2016-06-02 03:37:35
3.3,Info Launch,0.1665,PASS,2016-06-02 03:38:26
3.4,DVR Launch,2.0646,PASS,2016-06-02 03:40:09
3.1a,Menu Launch Time,0.43290000000000006,PASS,2016-06-02 03:41:13
3.2a,GuideLaunchTimeMsrmentWithoutPIP,0.5328,PASS,2016-06-02 03:42:20
3.3,Info Launch,0.23310000000000003,PASS,2016-06-02 03:43:18
3.4,DVR Launch,0.6993,PASS,2016-06-02 03:44:21
3.1a,Menu Launch Time,0.39960000000000007,PASS,2016-06-02 03:45:14
3.2a,GuideLaunchTimeMsrmentWithoutPIP,0.4662,PASS,2016-06-02 03:46:16
3.3,Info Launch,0.2664,PASS,2016-06-02 03:47:13
3.4,DVR Launch,1.6983,PASS,2016-06-02 03:48:50
3.1a,Menu Launch Time,0.3663,PASS,2016-06-02 03:49:49
3.2a,GuideLaunchTimeMsrmentWithoutPIP,0.5661,PASS,2016-06-02 03:50:55
3.3,Info Launch,0.1332,PASS,2016-06-02 03:51:48
3.4,DVR Launch,0.8325,PASS,2016-06-02 03:53:01
3.1a,Menu Launch Time,0.3663,PASS,2016-06-02 03:53:59
3.2a,GuideLaunchTimeMsrmentWithoutPIP,0.4662,PASS,2016-06-02 03:55:05
3.3,Info Launch,0.19980000000000003,PASS,2016-06-02 03:56:02
3.4,DVR Launch,0.666,PASS,2016-06-02 03:57:07
3.1a,Menu Launch Time,0.3663,PASS,2016-06-02 03:58:04
3.2a,GuideLaunchTimeMsrmentWithoutPIP,0.4662,PASS,2016-06-02 03:59:11
3.3,Info Launch,0.23310000000000003,PASS,2016-06-02 04:00:13
3.4,DVR Launch,0.666,PASS,2016-06-02 04:01:19
3.1a,Menu Launch Time,0.3663,PASS,2016-06-02 04:02:23
3.2a,GuideLaunchTimeMsrmentWithoutPIP,0,FAIL,2016-06-02 04:07:06
3.3,Info Launch,0.1665,PASS,2016-06-02 04:08:03
3.4,DVR Launch,0.9324,PASS,2016-06-02 04:09:13
3.1a,Menu Launch Time,0.46620000000000006,PASS,2016-06-02 04:10:23
3.2a,GuideLaunchTimeMsrmentWithoutPIP,0,FAIL,2016-06-02 04:15:05
3.3,Info Launch,0.1665,PASS,2016-06-02 04:16:03
3.4,DVR Launch,0.9657,PASS,2016-06-02 04:17:17
3.1a,Menu Launch Time,0.46620000000000006,PASS,2016-06-02 04:18:22
3.2a,GuideLaunchTimeMsrmentWithoutPIP,0,FAIL,2016-06-02 04:23:19
3.3,Info Launch,0.333,PASS,2016-06-02 04:24:27
3.4,DVR Launch,0.666,PASS,2016-06-02 04:25:36
3.1a,Menu Launch Time,0.39960000000000007,PASS,2016-06-02 04:27:08
3.2a,GuideLaunchTimeMsrmentWithoutPIP,0,FAIL,2016-06-02 04:31:53
3.3,Info Launch,0.1665,PASS,2016-06-02 04:32:46
3.4,DVR Launch,0.6993,PASS,2016-06-02 04:33:55
3.1a,Menu Launch Time,0.43290000000000006,PASS,2016-06-02 04:34:55
3.2a,GuideLaunchTimeMsrmentWithoutPIP,0,FAIL,2016-06-02 04:40:07
3.3,Info Launch,0.23310000000000003,PASS,2016-06-02 04:41:06
3.4,DVR Launch,0.7326,PASS,2016-06-02 04:42:18
3.1a,Menu Launch Time,0.09990000000000002,PASS,2016-06-02 04:43:05
3.2a,GuideLaunchTimeMsrmentWithoutPIP,0,FAIL,2016-06-02 04:48:15
3.3,Info Launch,0.19980000000000003,PASS,2016-06-02 04:49:11
3.4,DVR Launch,0.7659,PASS,2016-06-02 04:50:22
3.1a,Menu Launch Time,0.46620000000000006,PASS,2016-06-02 04:51:22
3.2a,GuideLaunchTimeMsrmentWithoutPIP,0,FAIL,2016-06-02 04:56:20
3.3,Info Launch,0.2664,PASS,2016-06-02 04:57:18
3.4,DVR Launch,0.9657,PASS,2016-06-02 04:58:40
3.1a,Menu Launch Time,0.46620000000000006,PASS,2016-06-02 04:59:41
3.2a,GuideLaunchTimeMsrmentWithoutPIP,0.6993,PASS,2016-06-02 05:00:52
3.3,Info Launch,0.1665,PASS,2016-06-02 05:01:46
3.4,DVR Launch,0.7326,PASS,2016-06-02 05:02:58
3.1a,Menu Launch Time,0.43290000000000006,PASS,2016-06-02 05:03:56
3.2a,GuideLaunchTimeMsrmentWithoutPIP,0.5328,PASS,2016-06-02 05:04:57
3.3,Info Launch,0.19980000000000003,PASS,2016-06-02 05:05:58
3.4,DVR Launch,0.8325,PASS,2016-06-02 05:07:07
3.1a,Menu Launch Time,0.49950000000000006,PASS,2016-06-02 05:08:12
3.2a,GuideLaunchTimeMsrmentWithoutPIP,0.6327,PASS,2016-06-02 05:09:25
3.3,Info Launch,0.1665,PASS,2016-06-02 05:10:20
3.4,DVR Launch,0.8991,PASS,2016-06-02 05:11:35
4a,VOD Launch Time,2.7639000000000005,PASS,2016-06-02 09:43:50
4b,VOD Launch Without Barker CH Display Time,2.8305000000000002,PASS,2016-06-02 09:47:08
4c,VOD View Trailer Time,3.0969,PASS,2016-06-02 09:50:46
4a,VOD Launch Time,2.0979,PASS,2016-06-02 09:53:31
4b,VOD Launch Without Barker CH Display Time,1.5984000000000003,PASS,2016-06-02 09:55:45
4c,VOD View Trailer Time,3.4299000000000004,PASS,2016-06-02 09:59:18
4a,VOD Launch Time,2.1645000000000003,PASS,2016-06-02 10:02:30
4b,VOD Launch Without Barker CH Display Time,1.6317000000000002,PASS,2016-06-02 10:04:33
4c,VOD View Trailer Time,2.9970000000000003,PASS,2016-06-02 10:08:01
4a,VOD Launch Time,2.0646,PASS,2016-06-02 10:10:56
4b,VOD Launch Without Barker CH Display Time,1.8315000000000001,PASS,2016-06-02 10:13:17
4c,VOD View Trailer Time,2.6973000000000003,PASS,2016-06-02 10:16:21
4a,VOD Launch Time,2.2644,PASS,2016-06-02 10:19:36
4b,VOD Launch Without Barker CH Display Time,1.2987000000000002,PASS,2016-06-02 10:21:23
4c,VOD View Trailer Time,3.1302000000000003,PASS,2016-06-02 10:24:58
4a,VOD Launch Time,2.2977000000000003,PASS,2016-06-02 10:28:10
4b,VOD Launch Without Barker CH Display Time,2.0313000000000003,PASS,2016-06-02 10:30:35
4c,VOD View Trailer Time,3.1968000000000005,PASS,2016-06-02 10:34:21
4a,VOD Launch Time,2.1978000000000004,PASS,2016-06-02 10:37:00
4b,VOD Launch Without Barker CH Display Time,1.7982000000000002,PASS,2016-06-02 10:39:17
4c,VOD View Trailer Time,3.7296000000000005,PASS,2016-06-02 10:43:42
4a,VOD Launch Time,3.2967000000000004,PASS,2016-06-02 10:47:24
4b,VOD Launch Without Barker CH Display Time,1.5984000000000003,PASS,2016-06-02 10:49:38
4c,VOD View Trailer Time,3.1968000000000005,PASS,2016-06-02 10:53:42
4a,VOD Launch Time,2.3643,PASS,2016-06-02 10:56:34
4b,VOD Launch Without Barker CH Display Time,1.8315000000000001,PASS,2016-06-02 10:58:56
4c,VOD View Trailer Time,2.9637000000000002,PASS,2016-06-02 11:02:05
4a,VOD Launch Time,2.4642000000000004,PASS,2016-06-02 11:05:38
4b,VOD Launch Without Barker CH Display Time,1.5984000000000003,PASS,2016-06-02 11:07:41
4c,VOD View Trailer Time,3.2967000000000004,PASS,2016-06-02 11:11:42
4a,VOD Launch Time,2.2977000000000003,PASS,2016-06-02 11:14:35
4b,VOD Launch Without Barker CH Display Time,2.6973000000000003,PASS,2016-06-02 11:17:30
4c,VOD View Trailer Time,0.0,FAIL,2016-06-02 11:23:36
4a,VOD Launch Time,3.5964000000000005,PASS,2016-06-02 11:27:39
4b,VOD Launch Without Barker CH Display Time,1.6983000000000001,PASS,2016-06-02 11:29:45
4c,VOD View Trailer Time,2.8638000000000003,PASS,2016-06-02 11:32:54
4a,VOD Launch Time,2.8638000000000003,PASS,2016-06-02 11:36:01
4b,VOD Launch Without Barker CH Display Time,1.7982000000000002,PASS,2016-06-02 11:38:41
4c,VOD View Trailer Time,3.2301,PASS,2016-06-02 11:42:23
4a,VOD Launch Time,2.4309000000000003,PASS,2016-06-02 11:45:21
4b,VOD Launch Without Barker CH Display Time,2.2311,PASS,2016-06-02 11:48:06
4c,VOD View Trailer Time,3.0969,PASS,2016-06-02 11:51:59
4a,VOD Launch Time,2.0646,PASS,2016-06-02 11:54:28
4b,VOD Launch Without Barker CH Display Time,1.8315000000000001,PASS,2016-06-02 11:56:52
4c,VOD View Trailer Time,2.8971000000000005,PASS,2016-06-02 12:00:33
4a,VOD Launch Time,2.4309000000000003,PASS,2016-06-02 12:03:37
4b,VOD Launch Without Barker CH Display Time,1.4985000000000002,PASS,2016-06-02 12:05:35
4c,VOD View Trailer Time,3.4965,PASS,2016-06-02 12:09:36
4a,VOD Launch Time,3.3633,PASS,2016-06-02 12:13:50
4b,VOD Launch Without Barker CH Display Time,1.332,PASS,2016-06-02 12:15:30
4c,VOD View Trailer Time,0.0,FAIL,2016-06-02 12:21:23
4a,VOD Launch Time,3.5298000000000003,PASS,2016-06-02 12:25:28
4b,VOD Launch Without Barker CH Display Time,3.9960000000000004,PASS,2016-06-02 12:29:46
4c,VOD View Trailer Time,3.2634000000000003,PASS,2016-06-02 12:35:31
4a,VOD Launch Time,2.7306000000000004,PASS,2016-06-02 12:39:02
4b,VOD Launch Without Barker CH Display Time,1.7982000000000002,PASS,2016-06-02 12:41:14
4c,VOD View Trailer Time,3.1635000000000004,PASS,2016-06-02 12:44:59
4a,VOD Launch Time,2.3643,PASS,2016-06-02 12:48:04
4b,VOD Launch Without Barker CH Display Time,1.6983000000000001,PASS,2016-06-02 12:50:15
4c,VOD View Trailer Time,4.861800000000001,PASS,2016-06-02 12:54:35
3.4,DVR Launch,2.7306,PASS,2016-06-06 22:35:50
3.1a,Menu Launch Time,0.5994,PASS,2016-06-06 22:58:24
3.1,Menu Launch Time,0.0,FAIL,2016-06-06 23:05:27
3.2a,GuideLaunchTimeMsrmentWithoutPIP,1.0656,PASS,2016-06-06 23:06:56
3.2,Guide Launch,0,FAIL,2016-06-06 23:11:28
3.3,Info Launch,0.333,PASS,2016-06-06 23:12:34
4a,VOD Launch Time,0.0,FAIL,2016-06-06 23:18:56
3.4,DVR Launch,1.2321,PASS,2016-06-07 14:29:25
3.1a,Menu Launch Time,0.6993,PASS,2016-06-07 14:46:05
3.1,Menu Launch Time,0.8325000000000001,PASS,2016-06-07 14:47:28
3.2a,GuideLaunchTimeMsrmentWithoutPIP,0.7659,PASS,2016-06-07 14:48:54
3.2,Guide Launch,0,FAIL,2016-06-07 14:54:44
3.3,Info Launch,0.39960000000000007,PASS,2016-06-07 14:56:30
4a,VOD Launch Time,0.0,FAIL,2016-06-07 15:10:48
3.4,DVR Launch,0.9324,PASS,2016-06-07 15:13:31
3.1a,Menu Launch Time,0.49950000000000006,PASS,2016-06-07 15:35:44
3.1,Menu Launch Time,0.49950000000000006,PASS,2016-06-07 15:37:25
3.2a,GuideLaunchTimeMsrmentWithoutPIP,0.7659,PASS,2016-06-07 15:39:23
3.2,Guide Launch,0,FAIL,2016-06-07 15:47:39
3.3,Info Launch,0.9657000000000001,PASS,2016-06-07 15:50:24
4a,VOD Launch Time,0.0,FAIL,2016-06-07 16:06:49
3.4,DVR Launch,1.6317,PASS,2016-06-07 16:10:59
3.1a,Menu Launch Time,0.39960000000000007,PASS,2016-06-07 16:35:10
3.1,Menu Launch Time,0.19980000000000003,PASS,2016-06-07 16:36:25
3.2a,GuideLaunchTimeMsrmentWithoutPIP,1.0323,PASS,2016-06-07 16:39:22
3.2,Guide Launch,0,FAIL,2016-06-07 16:49:54
3.3,Info Launch,0.9324000000000001,PASS,2016-06-07 16:52:18
4a,VOD Launch Time,0.0,FAIL,2016-06-07 17:08:47
3.4,DVR Launch,0.8991,PASS,2016-06-07 17:11:13
3.1a,Menu Launch Time,0.49950000000000006,PASS,2016-06-07 17:41:45
3.1,Menu Launch Time,0.6993,PASS,2016-06-07 17:43:58
3.2a,GuideLaunchTimeMsrmentWithoutPIP,0.666,PASS,2016-06-07 17:47:00
3.2,Guide Launch,0,FAIL,2016-06-07 17:56:34
3.3,Info Launch,1.2654,PASS,2016-06-07 17:59:44
4a,VOD Launch Time,0.0,FAIL,2016-06-07 18:12:50
3.4,DVR Launch,1.1322,PASS,2016-06-07 18:16:26
3.1a,Menu Launch Time,0.5328,PASS,2016-06-07 18:42:21
3.1,Menu Launch Time,0.3663,PASS,2016-06-07 18:43:54
3.2a,GuideLaunchTimeMsrmentWithoutPIP,1.665,PASS,2016-06-07 18:47:27
3.2,Guide Launch,0,FAIL,2016-06-07 18:56:55
3.3,Info Launch,0.1665,PASS,2016-06-07 18:58:30
4a,VOD Launch Time,0.0,FAIL,2016-06-07 19:16:53
3.4,DVR Launch,1.7316,PASS,2016-06-07 19:21:38
3.1a,Menu Launch Time,0.9990000000000001,PASS,2016-06-07 19:53:01
3.1,Menu Launch Time,1.0323,PASS,2016-06-07 19:56:10
3.2a,GuideLaunchTimeMsrmentWithoutPIP,0.6993,PASS,2016-06-07 19:58:17
3.2,Guide Launch,0.7326,PASS,2016-06-07 20:00:11
3.3,Info Launch,0.19980000000000003,PASS,2016-06-07 20:01:28
4a,VOD Launch Time,0.0,FAIL,2016-06-07 20:13:20
3.4,DVR Launch,0.7659,PASS,2016-06-07 20:15:47
3.1a,Menu Launch Time,1.5651000000000002,PASS,2016-06-07 20:42:15
3.1,Menu Launch Time,0.8658000000000001,PASS,2016-06-07 20:44:30
3.2a,GuideLaunchTimeMsrmentWithoutPIP,0.666,PASS,2016-06-07 20:46:33
3.2,Guide Launch,0,FAIL,2016-06-07 20:53:46
3.3,Info Launch,0.2664,PASS,2016-06-07 20:55:10
4a,VOD Launch Time,0.0,FAIL,2016-06-07 21:09:07
3.4,DVR Launch,0.7659,PASS,2016-06-07 21:11:39
3.1a,Menu Launch Time,0.46620000000000006,PASS,2016-06-07 21:35:23
3.1,Menu Launch Time,0.666,PASS,2016-06-07 21:37:46
3.2a,GuideLaunchTimeMsrmentWithoutPIP,0.666,PASS,2016-06-07 21:40:08
3.2,Guide Launch,0,FAIL,2016-06-07 21:47:38
3.3,Info Launch,0.7659,PASS,2016-06-07 21:49:41
3.4,DVR Launch,0.9324,PASS,2016-06-07 22:01:18
3.1a,Menu Launch Time,0.2997,PASS,2016-06-07 22:26:46
3.1,Menu Launch Time,0.5661,PASS,2016-06-07 22:28:35
3.2a,GuideLaunchTimeMsrmentWithoutPIP,1.4652,PASS,2016-06-07 22:31:59
3.2,Guide Launch,0,FAIL,2016-06-07 22:42:34
3.3,Info Launch,0.2664,PASS,2016-06-07 22:43:54
4a,VOD Launch Time,3.7296000000000005,PASS,2016-06-07 22:51:04
3.4,DVR Launch,2.1645,PASS,2016-06-07 22:55:30
3.1a,Menu Launch Time,0.5328,PASS,2016-06-07 23:21:08
3.1,Menu Launch Time,1.0989000000000002,PASS,2016-06-07 23:24:02
3.2a,GuideLaunchTimeMsrmentWithoutPIP,0,FAIL,2016-06-07 23:35:23
3.2,Guide Launch,0,FAIL,2016-06-07 23:44:20
3.3,Info Launch,0.8325000000000001,PASS,2016-06-07 23:46:37
4a,VOD Launch Time,1.9647000000000001,PASS,2016-06-07 23:50:33
3.4,DVR Launch,1.2654,PASS,2016-06-07 23:54:13
3.1a,Menu Launch Time,0.666,PASS,2016-06-08 00:21:04
3.1,Menu Launch Time,0.43290000000000006,PASS,2016-06-08 00:22:35
3.2a,GuideLaunchTimeMsrmentWithoutPIP,1.1655,PASS,2016-06-08 00:25:04
3.2,Guide Launch,0,FAIL,2016-06-08 00:33:38
3.3,Info Launch,0.23310000000000003,PASS,2016-06-08 00:34:52
4a,VOD Launch Time,2.2977000000000003,PASS,2016-06-08 00:39:28
3.4,DVR Launch,2.9304,PASS,2016-06-08 00:45:31
3.1a,Menu Launch Time,0.666,PASS,2016-06-08 01:12:25
3.1,Menu Launch Time,0.3663,PASS,2016-06-08 01:13:53
3.2a,GuideLaunchTimeMsrmentWithoutPIP,0.7326,PASS,2016-06-08 01:15:54
3.2,Guide Launch,0,FAIL,2016-06-08 01:23:31
3.3,Info Launch,0.2664,PASS,2016-06-08 01:24:53
4a,VOD Launch Time,3.4965,PASS,2016-06-08 01:31:42
3.4,DVR Launch,1.3986,PASS,2016-06-08 01:35:25
3.1a,Menu Launch Time,0.46620000000000006,PASS,2016-06-08 02:00:44
3.1,Menu Launch Time,0.6993,PASS,2016-06-08 02:02:37
3.2a,GuideLaunchTimeMsrmentWithoutPIP,0.6327,PASS,2016-06-08 02:04:31
3.2,Guide Launch,0,FAIL,2016-06-08 02:14:24
3.3,Info Launch,0.23310000000000003,PASS,2016-06-08 02:15:43
4a,VOD Launch Time,2.5308,PASS,2016-06-08 02:21:24
3.4,DVR Launch,4.1625,PASS,2016-06-08 02:30:10
3.1a,Menu Launch Time,0.43290000000000006,PASS,2016-06-08 02:54:46
3.1,Menu Launch Time,1.0323,PASS,2016-06-08 02:57:19
3.2a,GuideLaunchTimeMsrmentWithoutPIP,0.7326,PASS,2016-06-08 02:59:31
3.2,Guide Launch,0,FAIL,2016-06-08 03:07:40
3.3,Info Launch,0.43290000000000006,PASS,2016-06-08 03:09:19
4a,VOD Launch Time,2.4642000000000004,PASS,2016-06-08 03:14:09
3.4,DVR Launch,0.7326,PASS,2016-06-08 03:16:52
3.1a,Menu Launch Time,1.2654,PASS,2016-06-08 03:43:52
3.1,Menu Launch Time,0.39960000000000007,PASS,2016-06-08 03:45:37
3.2a,GuideLaunchTimeMsrmentWithoutPIP,0.6993,PASS,2016-06-08 03:47:38
3.2,Guide Launch,0,FAIL,2016-06-08 03:55:54
3.3,Info Launch,0.5328,PASS,2016-06-08 03:57:46
4a,VOD Launch Time,2.9304,PASS,2016-06-08 04:04:25
3.4,DVR Launch,4.2624,PASS,2016-06-08 04:13:03
3.1a,Menu Launch Time,0.666,PASS,2016-06-08 04:38:28
3.1,Menu Launch Time,0.43290000000000006,PASS,2016-06-08 04:40:06
3.2a,GuideLaunchTimeMsrmentWithoutPIP,0,FAIL,2016-06-08 04:50:58
3.2,Guide Launch,0,FAIL,2016-06-08 05:00:28
3.3,Info Launch,0.1665,PASS,2016-06-08 05:01:39
4a,VOD Launch Time,2.7639000000000005,PASS,2016-06-08 05:08:10
3.4,DVR Launch,1.1655,PASS,2016-06-08 05:11:09
3.1a,Menu Launch Time,0.39960000000000007,PASS,2016-06-08 05:36:37
3.1,Menu Launch Time,0.666,PASS,2016-06-08 05:38:33
3.2a,GuideLaunchTimeMsrmentWithoutPIP,0.5661,PASS,2016-06-08 05:40:10
3.2,Guide Launch,0,FAIL,2016-06-08 05:47:58
3.3,Info Launch,0.43290000000000006,PASS,2016-06-08 05:49:47
4a,VOD Launch Time,3.8295000000000003,PASS,2016-06-08 05:59:19
3.4,DVR Launch,2.7972,PASS,2016-06-08 06:05:22
3.1a,Menu Launch Time,0.46620000000000006,PASS,2016-06-08 06:30:47
3.1,Menu Launch Time,0.7659,PASS,2016-06-08 06:32:45
3.2a,GuideLaunchTimeMsrmentWithoutPIP,1.2987,PASS,2016-06-08 06:35:53
3.2,Guide Launch,0,FAIL,2016-06-08 06:43:01
3.3,Info Launch,0.5994,PASS,2016-06-08 06:45:06
4a,VOD Launch Time,2.2311,PASS,2016-06-08 06:50:20
3.4,DVR Launch,4.1625,PASS,2016-06-08 06:58:03
3.1a,Menu Launch Time,0.5661,PASS,2016-06-08 07:23:54
3.1,Menu Launch Time,0.2997,PASS,2016-06-08 07:25:08
3.2a,GuideLaunchTimeMsrmentWithoutPIP,0.999,PASS,2016-06-08 07:27:33
3.2,Guide Launch,0,FAIL,2016-06-08 07:34:16
3.3,Info Launch,0.43290000000000006,PASS,2016-06-08 07:36:00
4a,VOD Launch Time,2.1312,PASS,2016-06-08 07:40:35
3.4,DVR Launch,1.1988,PASS,2016-06-08 07:44:22
3.1a,Menu Launch Time,1.1322,PASS,2016-06-08 08:10:39
3.1,Menu Launch Time,0.46620000000000006,PASS,2016-06-08 08:12:24
3.2a,GuideLaunchTimeMsrmentWithoutPIP,0.7326,PASS,2016-06-08 08:14:31
3.2,Guide Launch,0,FAIL,2016-06-08 08:21:46
3.3,Info Launch,0.2664,PASS,2016-06-08 08:23:16
4a,VOD Launch Time,2.6973000000000003,PASS,2016-06-08 08:29:21
3.4,DVR Launch,1.8315,PASS,2016-06-08 08:34:00
3.1a,Menu Launch Time,0.5661,PASS,2016-06-08 08:59:21
3.1,Menu Launch Time,0.49950000000000006,PASS,2016-06-08 09:00:52
3.2a,GuideLaunchTimeMsrmentWithoutPIP,0.5994,PASS,2016-06-08 09:02:33
3.2,Guide Launch,0,FAIL,2016-06-08 09:10:54
3.3,Info Launch,0.23310000000000003,PASS,2016-06-08 09:12:13
4a,VOD Launch Time,3.7629000000000006,PASS,2016-06-08 09:20:00
3.4,DVR Launch,1.7649,PASS,2016-06-08 09:24:11
3.1a,Menu Launch Time,0.8325000000000001,PASS,2016-06-08 09:48:00
3.1,Menu Launch Time,0.3663,PASS,2016-06-08 09:49:23
3.2a,GuideLaunchTimeMsrmentWithoutPIP,0.6327,PASS,2016-06-08 09:51:16
3.2,Guide Launch,0,FAIL,2016-06-08 09:57:52
3.3,Info Launch,0.1332,PASS,2016-06-08 09:59:06
4a,VOD Launch Time,4.2624,PASS,2016-06-08 10:08:38
3.4,DVR Launch,3.7296,PASS,2016-06-08 10:16:24
3.1a,Menu Launch Time,0.0,FAIL,2016-06-08 10:52:30
3.1,Menu Launch Time,0.7326,PASS,2016-06-08 10:54:35
3.2a,GuideLaunchTimeMsrmentWithoutPIP,0.666,PASS,2016-06-08 10:56:45
3.2,Guide Launch,0,FAIL,2016-06-08 11:05:47
3.3,Info Launch,0.2664,PASS,2016-06-08 11:07:08
4a,VOD Launch Time,2.6307,PASS,2016-06-08 11:12:07
3.4,DVR Launch,3.8628,PASS,2016-06-08 11:19:12
3.1a,Menu Launch Time,0.39960000000000007,PASS,2016-06-08 11:44:12
3.1,Menu Launch Time,0.5328,PASS,2016-06-08 11:45:53
3.2a,GuideLaunchTimeMsrmentWithoutPIP,0.666,PASS,2016-06-08 11:47:57
3.2,Guide Launch,0,FAIL,2016-06-08 11:55:43
3.3,Info Launch,0.23310000000000003,PASS,2016-06-08 11:57:11
4a,VOD Launch Time,7.459200000000001,PASS,2016-06-08 12:12:38
3.4,DVR Launch,0.8325,PASS,2016-06-08 12:15:16
3.1a,Menu Launch Time,1.6983000000000001,PASS,2016-06-08 12:44:24
3.1,Menu Launch Time,0.5661,PASS,2016-06-08 12:45:57
3.2a,GuideLaunchTimeMsrmentWithoutPIP,0.6327,PASS,2016-06-08 12:47:46
3.2,Guide Launch,0,FAIL,2016-06-08 12:56:23
3.3,Info Launch,0.333,PASS,2016-06-08 12:57:47
4a,VOD Launch Time,2.3310000000000004,PASS,2016-06-08 13:03:07
3.4,DVR Launch,0.8325,PASS,2016-06-08 13:05:51
3.1a,Menu Launch Time,1.2987000000000002,PASS,2016-06-08 13:33:05
3.1,Menu Launch Time,1.332,PASS,2016-06-08 13:36:09
3.2a,GuideLaunchTimeMsrmentWithoutPIP,0.4662,PASS,2016-06-08 13:37:52
3.2,Guide Launch,0,FAIL,2016-06-08 13:46:24
3.3,Info Launch,0.1665,PASS,2016-06-08 13:47:36
4a,VOD Launch Time,2.664,PASS,2016-06-08 13:54:13
3.4,DVR Launch,3.0636,PASS,2016-06-08 13:59:54
3.1a,Menu Launch Time,0.5328,PASS,2016-06-08 14:25:06
3.1,Menu Launch Time,0.6993,PASS,2016-06-08 14:26:52
3.2a,GuideLaunchTimeMsrmentWithoutPIP,0,FAIL,2016-06-08 14:37:48
3.2,Guide Launch,5.5278,PASS,2016-06-08 14:43:51
3.3,Info Launch,0.49950000000000006,PASS,2016-06-08 14:45:28
4a,VOD Launch Time,3.1302000000000003,PASS,2016-06-08 14:51:08
3.4,DVR Launch,1.4652,PASS,2016-06-08 14:53:54
3.1a,Menu Launch Time,0.333,PASS,2016-06-08 15:16:01
3.1,Menu Launch Time,0.666,PASS,2016-06-08 15:17:48
3.2a,GuideLaunchTimeMsrmentWithoutPIP,0.6993,PASS,2016-06-08 15:19:34
3.3,Info Launch,0.1665,PASS,2016-06-08 15:27:01
4a,VOD Launch Time,3.3300000000000005,PASS,2016-06-08 15:33:19
3.4,DVR Launch,2.0646,PASS,2016-06-08 15:38:19
3.4,DVR Launch,1.332,PASS,2016-06-08 16:03:27
3.3,Info Launch,0.1665,PASS,2016-06-08 16:17:42
4a,VOD Launch Time,4.1292,PASS,2016-06-08 16:27:00
3.1a,Menu Launch Time,0.49950000000000006,PASS,2016-06-08 16:29:35
3.1,Menu Launch Time,0.39960000000000007,PASS,2016-06-08 16:31:20
3.2a,GuideLaunchTimeMsrmentWithoutPIP,0.6993,PASS,2016-06-08 16:34:16
3.2,Guide Launch,0,FAIL,2016-06-08 16:45:36
3.4,DVR Launch,0.8325,PASS,2016-06-10 15:55:46
3.1a,Menu Launch Time,0.39960000000000007,PASS,2016-06-10 15:56:46
1b,Measure Ten Channel Change Time,33.4665,PASS,2016-06-10 16:21:03
1b,Measure Ten Channel Change Time,9.956700000000001,FAIL,2016-06-10 16:43:52
1b,Measure Ten Channel Change Time,31.268700000000003,FAIL,2016-06-10 17:12:15
1b,Measure Ten Channel Change Time,32.7006,PASS,2016-06-10 17:32:02
1b,Measure Ten Channel Change Time,28.005300000000005,PASS,2016-06-10 17:50:34
1b,Measure Ten Channel Change Time,32.1345,PASS,2016-06-10 18:06:25
1b,Measure Ten Channel Change Time,26.2737,PASS,2016-06-10 18:21:20
1b,Measure Ten Channel Change Time,28.438200000000002,FAIL,2016-06-10 18:44:14
1b,Measure Ten Channel Change Time,25.241400000000002,PASS,2016-06-10 19:02:33
1b,Measure Ten Channel Change Time,28.5048,PASS,2016-06-10 19:20:18
1b,Measure Ten Channel Change Time,28.7712,FAIL,2016-06-10 19:43:18
4b,VOD Launch Without Barker CH Display Time,1.7982000000000002,PASS,2016-06-10 20:11:39
4b,VOD Launch Without Barker CH Display Time,1.7649000000000001,PASS,2016-06-10 20:14:30
4b,VOD Launch Without Barker CH Display Time,1.6983000000000001,PASS,2016-06-10 20:16:40
4b,VOD Launch Without Barker CH Display Time,2.6307,PASS,2016-06-10 20:19:15
4b,VOD Launch Without Barker CH Display Time,2.2644,PASS,2016-06-10 20:21:31
4b,VOD Launch Without Barker CH Display Time,1.3986,PASS,2016-06-10 20:23:20
4b,VOD Launch Without Barker CH Display Time,1.7316000000000003,PASS,2016-06-10 20:25:18
4b,VOD Launch Without Barker CH Display Time,2.4309000000000003,PASS,2016-06-10 20:27:35
4b,VOD Launch Without Barker CH Display Time,0.8658000000000001,PASS,2016-06-10 20:29:02
4b,VOD Launch Without Barker CH Display Time,0.9990000000000001,PASS,2016-06-10 20:30:24
4b,VOD Launch Without Barker CH Display Time,1.6317000000000002,PASS,2016-06-10 20:32:15
4b,VOD Launch Without Barker CH Display Time,1.5651000000000002,PASS,2016-06-10 20:34:09
4b,VOD Launch Without Barker CH Display Time,1.5651000000000002,PASS,2016-06-10 20:36:01
4b,VOD Launch Without Barker CH Display Time,1.6317000000000002,PASS,2016-06-10 20:37:50
4b,VOD Launch Without Barker CH Display Time,3.0969,PASS,2016-06-10 20:40:29
4b,VOD Launch Without Barker CH Display Time,1.3653000000000002,PASS,2016-06-10 20:41:59
4b,VOD Launch Without Barker CH Display Time,2.1978000000000004,PASS,2016-06-13 18:01:31
3.4,DVR Launch,2.6307,PASS,2016-06-13 18:06:15
3.1a,Menu Launch Time,0.5661,PASS,2016-06-13 18:07:58
3.2a,GuideLaunchTimeMsrmentWithoutPIP,0.8325,PASS,2016-06-13 18:10:21
3.3,Info Launch,0.46620000000000006,PASS,2016-06-13 18:12:08
4a,VOD Launch Time,4.1958,PASS,2016-06-13 18:19:54
1b,Measure Ten Channel Change Time,33.7995,PASS,2016-06-13 18:55:19
4b,VOD Launch Without Barker CH Display Time,1.5318,PASS,2016-06-13 19:00:41
3.4,DVR Launch,2.7639,PASS,2016-06-13 19:05:26
3.1a,Menu Launch Time,0.6327,PASS,2016-06-13 19:07:10
3.2a,GuideLaunchTimeMsrmentWithoutPIP,0.666,PASS,2016-06-13 19:09:21
3.3,Info Launch,0.5661,PASS,2016-06-13 19:11:08
4a,VOD Launch Time,2.8638000000000003,PASS,2016-06-13 19:17:43
4b,VOD Launch Without Barker CH Display Time,1.4985000000000002,PASS,2016-06-13 19:28:35
3.4,DVR Launch,1.7316,PASS,2016-06-13 19:31:59
3.1a,Menu Launch Time,0.333,PASS,2016-06-13 19:33:17
3.2a,GuideLaunchTimeMsrmentWithoutPIP,0.8991,PASS,2016-06-13 19:35:58
3.3,Info Launch,0.19980000000000003,PASS,2016-06-13 19:37:18
4a,VOD Launch Time,3.8295000000000003,PASS,2016-06-13 19:44:44
1b,Measure Ten Channel Change Time,32.634,PASS,2016-06-13 20:13:39
4b,VOD Launch Without Barker CH Display Time,2.1978000000000004,PASS,2016-06-13 20:18:29
3.4,DVR Launch,1.0989,PASS,2016-06-13 20:21:16
3.1a,Menu Launch Time,0.46620000000000006,PASS,2016-06-13 20:22:45
3.2a,GuideLaunchTimeMsrmentWithoutPIP,0.9324,PASS,2016-06-13 20:25:13
3.3,Info Launch,0.46620000000000006,PASS,2016-06-13 20:26:57
4a,VOD Launch Time,4.4622,PASS,2016-06-13 20:35:54
1b,Measure Ten Channel Change Time,25.40790000000001,PASS,2016-06-13 21:05:22
4b,VOD Launch Without Barker CH Display Time,2.1312,PASS,2016-06-13 21:09:31
3.4,DVR Launch,0.8991,PASS,2016-06-13 21:11:36
3.1a,Menu Launch Time,0.5661,PASS,2016-06-13 21:13:42
3.2a,GuideLaunchTimeMsrmentWithoutPIP,1.0656,PASS,2016-06-13 21:16:31
3.3,Info Launch,0.23310000000000003,PASS,2016-06-13 21:17:50
4a,VOD Launch Time,3.7296000000000005,PASS,2016-06-13 21:25:13
1b,Measure Ten Channel Change Time,33.932700000000004,PASS,2016-06-13 22:05:33
4b,VOD Launch Without Barker CH Display Time,2.3310000000000004,PASS,2016-06-13 22:10:18
3.4,DVR Launch,1.4652,PASS,2016-06-13 22:13:13
3.1a,Menu Launch Time,0.2997,PASS,2016-06-13 22:14:26
3.2a,GuideLaunchTimeMsrmentWithoutPIP,0.5994,PASS,2016-06-13 22:16:15
3.3,Info Launch,0.19980000000000003,PASS,2016-06-13 22:17:29
4a,VOD Launch Time,4.7286,PASS,2016-06-13 22:25:56
1b,Measure Ten Channel Change Time,32.63400000000001,PASS,2016-06-13 23:11:33
4b,VOD Launch Without Barker CH Display Time,1.8315000000000001,PASS,2016-06-13 23:15:35
3.4,DVR Launch,1.0989,PASS,2016-06-13 23:18:01
3.1a,Menu Launch Time,1.4652,PASS,2016-06-13 23:21:06
3.2a,GuideLaunchTimeMsrmentWithoutPIP,0.999,PASS,2016-06-13 23:23:51
3.3,Info Launch,0.23310000000000003,PASS,2016-06-13 23:25:07
4a,VOD Launch Time,5.5944,PASS,2016-06-13 23:36:04
1b,Measure Ten Channel Change Time,40.692600000000006,PASS,2016-06-14 00:20:39
4b,VOD Launch Without Barker CH Display Time,1.2987000000000002,PASS,2016-06-14 00:23:36
3.4,DVR Launch,2.2311,PASS,2016-06-14 00:27:31
3.1a,Menu Launch Time,0.46620000000000006,PASS,2016-06-14 00:28:57
3.2a,GuideLaunchTimeMsrmentWithoutPIP,0.666,PASS,2016-06-14 00:30:52
3.3,Info Launch,0.2664,PASS,2016-06-14 00:32:15
4a,VOD Launch Time,2.2311,PASS,2016-06-14 00:37:11
1b,Measure Ten Channel Change Time,34.4322,PASS,2016-06-14 01:16:14
4b,VOD Launch Without Barker CH Display Time,1.7982000000000002,PASS,2016-06-14 01:19:47
3.4,DVR Launch,3.3966,PASS,2016-06-14 01:25:45
3.1a,Menu Launch Time,0.9657000000000001,PASS,2016-06-14 01:28:02
3.2a,GuideLaunchTimeMsrmentWithoutPIP,1.1988,PASS,2016-06-14 01:31:03
3.3,Info Launch,0.0333,PASS,2016-06-14 01:31:59
4a,VOD Launch Time,4.761900000000001,PASS,2016-06-14 01:40:35
1b,Measure Ten Channel Change Time,37.5957,PASS,2016-06-14 02:24:26
4b,VOD Launch Without Barker CH Display Time,1.332,PASS,2016-06-14 02:27:19
3.4,DVR Launch,2.7972,PASS,2016-06-14 02:32:09
3.1a,Menu Launch Time,0.39960000000000007,PASS,2016-06-14 02:33:32
3.2a,GuideLaunchTimeMsrmentWithoutPIP,1.2654,PASS,2016-06-14 02:36:28
3.3,Info Launch,0.0,PASS,2016-06-14 02:48:17
4a,VOD Launch Time,3.7296000000000005,PASS,2016-06-14 02:55:27
1b,Measure Ten Channel Change Time,37.7622,PASS,2016-06-14 03:33:54
4b,VOD Launch Without Barker CH Display Time,1.5651000000000002,PASS,2016-06-14 03:37:28
3.4,DVR Launch,0.7992,PASS,2016-06-14 03:39:29
3.1a,Menu Launch Time,0.3663,PASS,2016-06-14 03:40:53
3.2a,GuideLaunchTimeMsrmentWithoutPIP,0.5328,PASS,2016-06-14 03:42:53
3.3,Info Launch,0.666,PASS,2016-06-14 03:44:54
4a,VOD Launch Time,3.1302000000000003,PASS,2016-06-14 03:51:24
1b,Measure Ten Channel Change Time,30.96900000000001,PASS,2016-06-14 04:21:54
4b,VOD Launch Without Barker CH Display Time,2.2644,PASS,2016-06-14 04:26:50
3.4,DVR Launch,1.9647,PASS,2016-06-14 04:30:30
3.1a,Menu Launch Time,0.09990000000000002,PASS,2016-06-14 04:31:25
3.2a,GuideLaunchTimeMsrmentWithoutPIP,0,FAIL,2016-06-14 04:40:52
3.3,Info Launch,0.2664,PASS,2016-06-14 04:42:11
4a,VOD Launch Time,2.9970000000000003,PASS,2016-06-14 04:48:10
1b,Measure Ten Channel Change Time,34.299,PASS,2016-06-14 05:36:09
4b,VOD Launch Without Barker CH Display Time,2.7306000000000004,PASS,2016-06-14 05:41:15
3.4,DVR Launch,1.4652,PASS,2016-06-14 05:44:07
3.1a,Menu Launch Time,0.7659,PASS,2016-06-14 05:46:07
3.2a,GuideLaunchTimeMsrmentWithoutPIP,0.7326,PASS,2016-06-14 05:48:22
3.3,Info Launch,0.2664,PASS,2016-06-14 05:49:45
4a,VOD Launch Time,3.7962000000000002,PASS,2016-06-14 05:57:27
1b,Measure Ten Channel Change Time,32.967000000000006,PASS,2016-06-14 06:34:54
4b,VOD Launch Without Barker CH Display Time,2.5641000000000003,PASS,2016-06-14 06:40:15
3.4,DVR Launch,1.1655,PASS,2016-06-14 06:42:32
3.1a,Menu Launch Time,1.0656,PASS,2016-06-14 06:45:06
3.2a,GuideLaunchTimeMsrmentWithoutPIP,0.2997,PASS,2016-06-14 06:46:38
3.3,Info Launch,0.2997,PASS,2016-06-14 06:48:02
4a,VOD Launch Time,5.361300000000001,PASS,2016-06-14 06:57:50
1b,Measure Ten Channel Change Time,32.5674,PASS,2016-06-14 07:37:48
4b,VOD Launch Without Barker CH Display Time,1.6983000000000001,PASS,2016-06-14 07:41:31
3.4,DVR Launch,0.333,FAIL,2016-06-14 07:51:32
3.1a,Menu Launch Time,0.2997,PASS,2016-06-14 07:52:49
3.2a,GuideLaunchTimeMsrmentWithoutPIP,1.0989,PASS,2016-06-14 07:55:40
3.3,Info Launch,0.1665,PASS,2016-06-14 07:56:54
4a,VOD Launch Time,2.7972,PASS,2016-06-14 08:03:10
1b,Measure Ten Channel Change Time,26.906400000000005,PASS,2016-06-14 08:29:58
4b,VOD Launch Without Barker CH Display Time,1.2654,PASS,2016-06-14 08:33:01
3.4,DVR Launch,1.2987,PASS,2016-06-14 08:35:27
3.1a,Menu Launch Time,0.3663,PASS,2016-06-14 08:36:43
3.2a,GuideLaunchTimeMsrmentWithoutPIP,0.7992,PASS,2016-06-14 08:38:34
3.3,Info Launch,0.23310000000000003,PASS,2016-06-14 08:39:53
4a,VOD Launch Time,4.6953000000000005,PASS,2016-06-14 08:48:09
1b,Measure Ten Channel Change Time,30.169800000000002,PASS,2016-06-14 09:24:57
4b,VOD Launch Without Barker CH Display Time,1.0656,PASS,2016-06-14 09:27:29
3.4,DVR Launch,3.1968,PASS,2016-06-14 09:33:09
3.1a,Menu Launch Time,0.43290000000000006,PASS,2016-06-14 09:34:43
3.2a,GuideLaunchTimeMsrmentWithoutPIP,0.6327,PASS,2016-06-14 09:36:58
3.3,Info Launch,0.0,PASS,2016-06-14 09:48:01
4a,VOD Launch Time,3.4632000000000005,PASS,2016-06-14 09:55:01
1b,Measure Ten Channel Change Time,24.8418,PASS,2016-06-14 10:24:34
4b,VOD Launch Without Barker CH Display Time,1.2987000000000002,PASS,2016-06-14 10:28:13
3.4,DVR Launch,2.0979,PASS,2016-06-14 10:32:49
3.1a,Menu Launch Time,0.5328,PASS,2016-06-14 10:34:45
3.2a,GuideLaunchTimeMsrmentWithoutPIP,1.2987,PASS,2016-06-14 10:37:37
3.3,Info Launch,0.23310000000000003,PASS,2016-06-14 10:38:59
4a,VOD Launch Time,3.0303000000000004,PASS,2016-06-14 10:46:07
1b,Measure Ten Channel Change Time,40.7592,PASS,2016-06-14 11:35:01
4b,VOD Launch Without Barker CH Display Time,1.1655000000000002,PASS,2016-06-14 11:37:45
3.4,DVR Launch,2.0646,PASS,2016-06-14 11:41:33
3.1a,Menu Launch Time,0.2997,PASS,2016-06-14 11:42:48
3.2a,GuideLaunchTimeMsrmentWithoutPIP,0.666,PASS,2016-06-14 11:45:00
3.3,Info Launch,1.2654,PASS,2016-06-14 11:48:04
4a,VOD Launch Time,2.3643,PASS,2016-06-14 11:53:05
1b,Measure Ten Channel Change Time,37.395900000000005,PASS,2016-06-14 12:26:04
4b,VOD Launch Without Barker CH Display Time,2.3643,PASS,2016-06-14 12:31:08
3.4,DVR Launch,0.666,PASS,2016-06-14 12:32:58
3.1a,Menu Launch Time,0.2997,PASS,2016-06-14 12:34:14
3.2a,GuideLaunchTimeMsrmentWithoutPIP,0.7659,PASS,2016-06-14 12:36:54
3.3,Info Launch,0.49950000000000006,PASS,2016-06-14 12:38:40
4a,VOD Launch Time,3.3966000000000003,PASS,2016-06-14 12:45:47
1b,Measure Ten Channel Change Time,29.637,PASS,2016-06-14 13:20:19
4b,VOD Launch Without Barker CH Display Time,1.6983000000000001,PASS,2016-06-14 13:23:46
3.4,DVR Launch,5.8941,PASS,2016-06-14 13:32:52
3.1a,Menu Launch Time,1.6983000000000001,PASS,2016-06-14 13:36:02
3.2a,GuideLaunchTimeMsrmentWithoutPIP,0.666,PASS,2016-06-14 13:37:53
3.3,Info Launch,1.1988,PASS,2016-06-14 13:40:48
4a,VOD Launch Time,2.9637000000000002,PASS,2016-06-14 13:46:30
1b,Measure Ten Channel Change Time,37.462500000000006,PASS,2016-06-14 14:33:42
4b,VOD Launch Without Barker CH Display Time,2.5308,PASS,2016-06-14 14:38:50
3.4,DVR Launch,0.9657,PASS,2016-06-14 14:41:17
3.1a,Menu Launch Time,0.5661,PASS,2016-06-14 14:43:06
3.2a,GuideLaunchTimeMsrmentWithoutPIP,0.5994,PASS,2016-06-14 14:45:08
3.3,Info Launch,0.6993,PASS,2016-06-14 14:47:15
4a,VOD Launch Time,4.1958,PASS,2016-06-14 14:54:58
1b,Measure Ten Channel Change Time,33.200100000000006,PASS,2016-06-14 15:43:24
4b,VOD Launch Without Barker CH Display Time,2.5641000000000003,PASS,2016-06-14 15:48:39
3.4,DVR Launch,5.5611,PASS,2016-06-14 15:57:46
3.1a,Menu Launch Time,0.49950000000000006,PASS,2016-06-14 15:59:17
3.2a,GuideLaunchTimeMsrmentWithoutPIP,0.8991,PASS,2016-06-14 16:01:44
3.3,Info Launch,0.23310000000000003,PASS,2016-06-14 16:03:06
4a,VOD Launch Time,2.5308,PASS,2016-06-14 16:08:31
1b,Measure Ten Channel Change Time,33.1668,PASS,2016-06-14 16:52:09
4b,VOD Launch Without Barker CH Display Time,1.9314000000000002,PASS,2016-06-14 16:55:56
3.4,DVR Launch,1.6317,PASS,2016-06-14 16:59:02
3.1a,Menu Launch Time,0.2997,PASS,2016-06-14 17:00:09
3.2a,GuideLaunchTimeMsrmentWithoutPIP,0.6993,PASS,2016-06-14 17:02:10
3.3,Info Launch,0.0333,PASS,2016-06-14 17:03:06
4a,VOD Launch Time,2.5641000000000003,PASS,2016-06-14 17:08:11
1b,Measure Ten Channel Change Time,33.066900000000004,PASS,2016-06-14 17:49:06
4b,VOD Launch Without Barker CH Display Time,1.4985000000000002,PASS,2016-06-14 17:52:51
3.4,DVR Launch,1.5318,PASS,2016-06-14 17:59:25
3.1a,Menu Launch Time,0.8658000000000001,PASS,2016-06-14 18:01:41
3.2a,GuideLaunchTimeMsrmentWithoutPIP,1.3986,PASS,2016-06-14 18:04:56
3.3,Info Launch,0.8658000000000001,PASS,2016-06-14 18:07:44
4a,VOD Launch Time,2.5641000000000003,PASS,2016-06-14 18:13:20
1b,Measure Ten Channel Change Time,35.43120000000001,PASS,2016-06-14 18:56:15
4b,VOD Launch Without Barker CH Display Time,1.4319000000000002,PASS,2016-06-14 18:59:37
3.4,DVR Launch,2.1645,PASS,2016-06-14 19:03:38
3.1a,Menu Launch Time,0.2997,PASS,2016-06-14 19:04:53
3.2a,GuideLaunchTimeMsrmentWithoutPIP,0.5661,PASS,2016-06-14 19:06:59
3.3,Info Launch,0.0,PASS,2016-06-14 19:18:11
4a,VOD Launch Time,6.1938,PASS,2016-06-14 19:29:24
1b,Measure Ten Channel Change Time,26.107200000000006,PASS,2016-06-14 20:05:14
4b,VOD Launch Without Barker CH Display Time,1.5984000000000003,PASS,2016-06-14 20:09:02
3.4,DVR Launch,0.7992,PASS,2016-06-14 20:10:48
3.1a,Menu Launch Time,0.3663,PASS,2016-06-14 20:12:07
3.2a,GuideLaunchTimeMsrmentWithoutPIP,0.7326,PASS,2016-06-14 20:14:16
3.3,Info Launch,0.2664,PASS,2016-06-14 20:15:30
4a,VOD Launch Time,2.1645000000000003,PASS,2016-06-14 20:20:09
1b,Measure Ten Channel Change Time,23.742900000000002,PASS,2016-06-14 20:42:30
4b,VOD Launch Without Barker CH Display Time,1.4652,PASS,2016-06-14 20:45:51
3.4,DVR Launch,2.6307,PASS,2016-06-14 20:50:30
3.1a,Menu Launch Time,0.46620000000000006,PASS,2016-06-14 20:52:02
3.2a,GuideLaunchTimeMsrmentWithoutPIP,0.7326,PASS,2016-06-14 20:54:04
3.3,Info Launch,0.5994,PASS,2016-06-14 20:55:53
4a,VOD Launch Time,3.5631000000000004,PASS,2016-06-14 21:02:33
1b,Measure Ten Channel Change Time,24.841800000000003,PASS,2016-06-14 21:55:51
4b,VOD Launch Without Barker CH Display Time,2.4975,PASS,2016-06-14 22:01:11
3.4,DVR Launch,3.5631,PASS,2016-06-14 22:07:46
3.1a,Menu Launch Time,0.8658000000000001,PASS,2016-06-14 22:09:57
3.2a,GuideLaunchTimeMsrmentWithoutPIP,0,FAIL,2016-06-14 22:20:06
3.3,Info Launch,0.0333,PASS,2016-06-14 22:21:02
4a,VOD Launch Time,3.0636,PASS,2016-06-14 22:27:17
1b,Measure Ten Channel Change Time,32.2344,PASS,2016-06-14 22:59:24
4b,VOD Launch Without Barker CH Display Time,1.9647000000000001,PASS,2016-06-14 23:03:08
3.4,DVR Launch,2.6973,PASS,2016-06-14 23:07:29
3.1a,Menu Launch Time,0.7659,PASS,2016-06-14 23:09:19
3.2a,GuideLaunchTimeMsrmentWithoutPIP,0.7992,PASS,2016-06-14 23:11:34
3.3,Info Launch,0.5994,PASS,2016-06-14 23:13:31
4a,VOD Launch Time,3.6963000000000004,PASS,2016-06-14 23:20:24
1b,Measure Ten Channel Change Time,26.573400000000007,PASS,2016-06-14 23:51:14
4b,VOD Launch Without Barker CH Display Time,1.5651000000000002,PASS,2016-06-14 23:54:31
3.4,DVR Launch,1.8648,PASS,2016-06-14 23:58:12
3.1a,Menu Launch Time,0.9324000000000001,PASS,2016-06-15 00:00:29
3.2a,GuideLaunchTimeMsrmentWithoutPIP,0.7659,PASS,2016-06-15 00:02:36
3.3,Info Launch,0.0666,PASS,2016-06-15 00:03:35
4a,VOD Launch Time,2.3976,PASS,2016-06-15 00:08:52
1b,Measure Ten Channel Change Time,31.934700000000003,PASS,2016-06-15 00:49:27
4b,VOD Launch Without Barker CH Display Time,1.3653000000000002,PASS,2016-06-15 00:53:03
3.4,DVR Launch,1.0323,PASS,2016-06-15 00:55:21
3.1a,Menu Launch Time,0.333,PASS,2016-06-15 00:56:41
3.2a,GuideLaunchTimeMsrmentWithoutPIP,2.0313,PASS,2016-06-15 01:00:54
3.3,Info Launch,0.2664,PASS,2016-06-15 01:02:19
4a,VOD Launch Time,2.4975,PASS,2016-06-15 01:07:11
1b,Measure Ten Channel Change Time,28.904400000000006,PASS,2016-06-15 01:35:35
4b,VOD Launch Without Barker CH Display Time,1.4985000000000002,PASS,2016-06-15 01:38:52
3.4,DVR Launch,1.7982,PASS,2016-06-15 01:41:58
3.1a,Menu Launch Time,0.6327,PASS,2016-06-15 01:43:47
3.2a,GuideLaunchTimeMsrmentWithoutPIP,1.7982,PASS,2016-06-15 01:47:30
3.3,Info Launch,0.1665,PASS,2016-06-15 01:48:41
4a,VOD Launch Time,2.7972,PASS,2016-06-15 01:53:49
1b,Measure Ten Channel Change Time,32.733900000000006,PASS,2016-06-15 02:32:38
4b,VOD Launch Without Barker CH Display Time,1.5984000000000003,PASS,2016-06-15 02:36:09
3.4,DVR Launch,2.1978,PASS,2016-06-15 02:40:06
3.1a,Menu Launch Time,0.3663,PASS,2016-06-15 02:41:21
3.2a,GuideLaunchTimeMsrmentWithoutPIP,0.7992,PASS,2016-06-15 02:43:35
3.3,Info Launch,0.19980000000000003,PASS,2016-06-15 02:44:49
4a,VOD Launch Time,4.4622,PASS,2016-06-15 02:54:01
1b,Measure Ten Channel Change Time,30.236400000000003,PASS,2016-06-15 03:37:36
4b,VOD Launch Without Barker CH Display Time,1.0989000000000002,PASS,2016-06-15 03:40:23
3.4,DVR Launch,1.665,PASS,2016-06-15 03:43:50
3.1a,Menu Launch Time,0.3663,PASS,2016-06-15 03:45:10
3.2a,GuideLaunchTimeMsrmentWithoutPIP,0.5661,PASS,2016-06-15 03:47:09
3.3,Info Launch,0.8325000000000001,PASS,2016-06-15 03:49:43
4a,VOD Launch Time,2.7639000000000005,PASS,2016-06-15 03:55:31
1b,Measure Ten Channel Change Time,33.766200000000005,PASS,2016-06-15 04:46:29
4b,VOD Launch Without Barker CH Display Time,1.3986,PASS,2016-06-15 04:49:24
3.4,DVR Launch,2.6973,PASS,2016-06-15 04:54:04
3.1a,Menu Launch Time,0.3663,PASS,2016-06-15 04:55:26
3.2a,GuideLaunchTimeMsrmentWithoutPIP,0,FAIL,2016-06-15 05:04:28
3.3,Info Launch,0.333,PASS,2016-06-15 05:05:59
4a,VOD Launch Time,4.0293,PASS,2016-06-15 05:13:40
1b,Measure Ten Channel Change Time,31.035600000000002,PASS,2016-06-15 05:50:47
4b,VOD Launch Without Barker CH Display Time,0.9990000000000001,PASS,2016-06-15 05:53:12
3.4,DVR Launch,5.0949,PASS,2016-06-15 06:01:25
3.1a,Menu Launch Time,0.1665,PASS,2016-06-15 06:02:24
3.2a,GuideLaunchTimeMsrmentWithoutPIP,0.7659,PASS,2016-06-15 06:04:44
3.3,Info Launch,0.2664,PASS,2016-06-15 06:06:11
4a,VOD Launch Time,2.3310000000000004,PASS,2016-06-15 06:11:40
1b,Measure Ten Channel Change Time,32.667300000000004,PASS,2016-06-15 06:43:55
4b,VOD Launch Without Barker CH Display Time,1.6317000000000002,PASS,2016-06-15 06:47:43
3.4,DVR Launch,5.6943,PASS,2016-06-15 06:57:05
3.1a,Menu Launch Time,0.6993,PASS,2016-06-15 06:59:05
3.2a,GuideLaunchTimeMsrmentWithoutPIP,0.5328,PASS,2016-06-15 07:00:56
3.3,Info Launch,0.0,PASS,2016-06-15 07:10:42
4a,VOD Launch Time,3.5298000000000003,PASS,2016-06-15 07:17:42
1b,Measure Ten Channel Change Time,30.4695,PASS,2016-06-15 07:47:52
4b,VOD Launch Without Barker CH Display Time,2.5974000000000004,PASS,2016-06-15 07:53:54
3.4,DVR Launch,2.8971,PASS,2016-06-15 07:59:10
3.1a,Menu Launch Time,0.2997,PASS,2016-06-15 08:00:24
3.2a,GuideLaunchTimeMsrmentWithoutPIP,1.0656,PASS,2016-06-15 08:02:49
3.3,Info Launch,0.2664,PASS,2016-06-15 08:04:00
4a,VOD Launch Time,5.7609,PASS,2016-06-15 08:14:47
1b,Measure Ten Channel Change Time,33.5664,PASS,2016-06-15 08:52:30
4b,VOD Launch Without Barker CH Display Time,1.8981000000000001,PASS,2016-06-15 08:56:19
3.4,DVR Launch,0.0,FAIL,2016-06-15 09:06:53
3.1a,Menu Launch Time,0.5328,PASS,2016-06-15 09:08:28
3.2a,GuideLaunchTimeMsrmentWithoutPIP,0.6327,PASS,2016-06-15 09:10:26
3.3,Info Launch,0.2997,PASS,2016-06-15 09:11:50
4a,VOD Launch Time,3.2301,PASS,2016-06-15 09:20:07
1b,Measure Ten Channel Change Time,26.773200000000003,PASS,2016-06-15 09:52:27
4b,VOD Launch Without Barker CH Display Time,1.2321000000000002,PASS,2016-06-15 09:55:15
3.4,DVR Launch,3.1968,PASS,2016-06-15 09:59:29
3.1a,Menu Launch Time,0.39960000000000007,PASS,2016-06-15 10:00:44
3.2a,GuideLaunchTimeMsrmentWithoutPIP,0.5994,PASS,2016-06-15 10:02:40
3.3,Info Launch,0.46620000000000006,PASS,2016-06-15 10:04:24
4a,VOD Launch Time,0.0,FAIL,2016-06-15 10:16:47
1b,Measure Ten Channel Change Time,34.7319,PASS,2016-06-15 10:57:27
4b,VOD Launch Without Barker CH Display Time,1.5651000000000002,PASS,2016-06-15 11:00:49
3.4,DVR Launch,0.8325,PASS,2016-06-15 11:02:54
3.1a,Menu Launch Time,0.333,PASS,2016-06-15 11:04:13
3.2a,GuideLaunchTimeMsrmentWithoutPIP,0.6327,PASS,2016-06-15 11:06:16
3.3,Info Launch,0.2664,PASS,2016-06-15 11:07:33
4a,VOD Launch Time,4.861800000000001,PASS,2016-06-15 11:16:55
1b,Measure Ten Channel Change Time,33.56640000000001,PASS,2016-06-15 11:55:14
4b,VOD Launch Without Barker CH Display Time,1.4319000000000002,PASS,2016-06-15 11:58:28
3.4,DVR Launch,4.9284,PASS,2016-06-15 12:06:25
3.1a,Menu Launch Time,0.46620000000000006,PASS,2016-06-15 12:07:42
3.2a,GuideLaunchTimeMsrmentWithoutPIP,0.7992,PASS,2016-06-15 12:09:58
3.3,Info Launch,0.23310000000000003,PASS,2016-06-15 12:11:17
4a,VOD Launch Time,2.1645000000000003,PASS,2016-06-15 12:15:56
1b,Measure Ten Channel Change Time,25.174799999999998,PASS,2016-06-15 12:35:49
4b,VOD Launch Without Barker CH Display Time,1.4985000000000002,PASS,2016-06-15 12:38:43
3.4,DVR Launch,1.5651,PASS,2016-06-15 12:41:25
3.1a,Menu Launch Time,0.2997,PASS,2016-06-15 12:42:34
3.2a,GuideLaunchTimeMsrmentWithoutPIP,0.6327,PASS,2016-06-15 12:44:26
3.3,Info Launch,0.2997,PASS,2016-06-15 12:45:49
4a,VOD Launch Time,3.0303000000000004,PASS,2016-06-15 12:52:46
1b,Measure Ten Channel Change Time,30.402900000000002,PASS,2016-06-15 13:34:24
4b,VOD Launch Without Barker CH Display Time,1.8981000000000001,PASS,2016-06-15 13:38:09
3.4,DVR Launch,1.1322,PASS,2016-06-15 13:40:25
3.1a,Menu Launch Time,0.49950000000000006,PASS,2016-06-15 13:41:52
3.2a,GuideLaunchTimeMsrmentWithoutPIP,0.666,PASS,2016-06-15 13:43:55
3.3,Info Launch,0.23310000000000003,PASS,2016-06-15 13:45:13
4a,VOD Launch Time,3.0303000000000004,PASS,2016-06-15 13:51:11
1b,Measure Ten Channel Change Time,33.8661,PASS,2016-06-15 14:33:57
4b,VOD Launch Without Barker CH Display Time,0.8991000000000001,PASS,2016-06-15 14:35:56
3.4,DVR Launch,1.8315,PASS,2016-06-15 14:38:49
3.1a,Menu Launch Time,0.46620000000000006,PASS,2016-06-15 14:40:12
3.2a,GuideLaunchTimeMsrmentWithoutPIP,0.5661,PASS,2016-06-15 14:41:58
3.3,Info Launch,0.333,PASS,2016-06-15 14:43:12
4a,VOD Launch Time,3.8961000000000006,PASS,2016-06-15 14:49:12
1b,Measure Ten Channel Change Time,31.035600000000002,PASS,2016-06-15 15:19:42
4b,VOD Launch Without Barker CH Display Time,2.3643,PASS,2016-06-15 15:24:03
3.4,DVR Launch,0.8658,PASS,2016-06-15 15:26:02
3.1a,Menu Launch Time,0.5994,PASS,2016-06-15 15:27:44
3.2a,GuideLaunchTimeMsrmentWithoutPIP,0.5661,PASS,2016-06-15 15:30:00
3.3,Info Launch,0.19980000000000003,PASS,2016-06-15 15:31:11
4a,VOD Launch Time,2.9970000000000003,PASS,2016-06-15 15:36:39
1b,Measure Ten Channel Change Time,26.073900000000002,PASS,2016-06-15 15:57:42
4b,VOD Launch Without Barker CH Display Time,1.6983000000000001,PASS,2016-06-15 16:01:01
3.4,DVR Launch,2.2311,FAIL,2016-06-15 16:10:26
3.1a,Menu Launch Time,0.7659,PASS,2016-06-15 16:12:21
3.2a,GuideLaunchTimeMsrmentWithoutPIP,0.8658,PASS,2016-06-15 16:14:40
3.3,Info Launch,0.5328,PASS,2016-06-15 16:16:18
4a,VOD Launch Time,2.7639000000000005,PASS,2016-06-15 16:22:25
1b,Measure Ten Channel Change Time,29.2707,PASS,2016-06-15 16:44:50
4b,VOD Launch Without Barker CH Display Time,2.0646,PASS,2016-06-15 16:48:25
3.4,DVR Launch,0.8325,PASS,2016-06-15 16:49:54
3.1a,Menu Launch Time,1.0323,PASS,2016-06-15 16:52:03
3.2a,GuideLaunchTimeMsrmentWithoutPIP,0.7992,PASS,2016-06-15 16:54:11
3.3,Info Launch,0.1665,PASS,2016-06-15 16:55:22
4a,VOD Launch Time,4.0959,PASS,2016-06-15 17:02:22
1b,Measure Ten Channel Change Time,34.965,PASS,2016-06-15 17:38:53
4b,VOD Launch Without Barker CH Display Time,1.3653000000000002,PASS,2016-06-15 17:42:12
3.4,DVR Launch,0.8325,PASS,2016-06-15 17:43:50
3.1a,Menu Launch Time,0.49950000000000006,PASS,2016-06-15 17:45:04
3.2a,GuideLaunchTimeMsrmentWithoutPIP,0.7659,PASS,2016-06-15 17:46:55
3.3,Info Launch,0.5661,PASS,2016-06-15 17:48:32
4a,VOD Launch Time,3.8961000000000006,PASS,2016-06-15 17:54:06
1b,Measure Ten Channel Change Time,33.999300000000005,PASS,2016-06-15 18:18:57
4b,VOD Launch Without Barker CH Display Time,1.7316000000000003,PASS,2016-06-15 18:22:07
3.4,DVR Launch,0.0,FAIL,2016-06-15 18:30:24
3.1a,Menu Launch Time,0.39960000000000007,PASS,2016-06-15 18:31:39
3.2a,GuideLaunchTimeMsrmentWithoutPIP,0.666,PASS,2016-06-15 18:33:23
3.3,Info Launch,0.6993,PASS,2016-06-15 18:35:13
4a,VOD Launch Time,2.3643,PASS,2016-06-15 18:39:30
4b,VOD Launch Without Barker CH Display Time,1.5318,PASS,2016-06-15 18:51:14
3.4,DVR Launch,2.9304,PASS,2016-06-15 18:54:50
3.1a,Menu Launch Time,0.333,PASS,2016-06-15 18:56:00
3.2a,GuideLaunchTimeMsrmentWithoutPIP,0.5328,PASS,2016-06-15 18:57:31
3.3,Info Launch,0.6993,PASS,2016-06-15 18:59:14
4a,VOD Launch Time,0.0,FAIL,2016-06-15 19:12:32
4b,VOD Launch Without Barker CH Display Time,2.5308,PASS,2016-06-15 20:30:00
3.4,DVR Launch,1.6983,PASS,2016-06-15 20:33:16
3.1a,Menu Launch Time,0.3663,PASS,2016-06-15 20:34:30
3.2a,GuideLaunchTimeMsrmentWithoutPIP,0.9324,PASS,2016-06-15 20:37:10
3.3,Info Launch,1.2987000000000002,PASS,2016-06-15 20:40:27
4a,VOD Launch Time,0.0,FAIL,2016-06-15 20:54:17
1b,Measure Ten Channel Change Time,27.172800000000002,PASS,2016-06-15 21:19:06
4b,VOD Launch Without Barker CH Display Time,1.2654,PASS,2016-06-15 21:21:49
3.4,DVR Launch,2.0313,PASS,2016-06-15 21:25:21
3.1a,Menu Launch Time,0.43290000000000006,PASS,2016-06-15 21:26:46
3.2a,GuideLaunchTimeMsrmentWithoutPIP,0.6993,PASS,2016-06-15 21:28:45
3.3,Info Launch,0.8325000000000001,PASS,2016-06-15 21:30:53
4a,VOD Launch Time,0.0,FAIL,2016-06-15 21:43:57
1b,Measure Ten Channel Change Time,31.235400000000002,PASS,2016-06-15 22:15:51
4b,VOD Launch Without Barker CH Display Time,1.3986,PASS,2016-06-15 22:19:08
3.4,DVR Launch,1.6317,PASS,2016-06-15 22:22:00
3.1a,Menu Launch Time,0.43290000000000006,PASS,2016-06-15 22:23:16
3.2a,GuideLaunchTimeMsrmentWithoutPIP,0.6327,PASS,2016-06-15 22:25:15
3.3,Info Launch,0.23310000000000003,PASS,2016-06-15 22:26:30
4a,VOD Launch Time,0.0,FAIL,2016-06-15 22:40:15
1b,Measure Ten Channel Change Time,34.0326,PASS,2016-06-15 23:18:13
4b,VOD Launch Without Barker CH Display Time,2.8305000000000002,PASS,2016-06-15 23:23:51
3.4,DVR Launch,2.4975,PASS,2016-06-15 23:28:48
3.1a,Menu Launch Time,0.5994,PASS,2016-06-15 23:30:36
3.2a,GuideLaunchTimeMsrmentWithoutPIP,0.5661,PASS,2016-06-15 23:32:37
3.3,Info Launch,0.0,PASS,2016-06-15 23:44:46
4a,VOD Launch Time,0.0,FAIL,2016-06-15 23:58:31
1b,Measure Ten Channel Change Time,30.669300000000003,PASS,2016-06-16 00:25:27
4b,VOD Launch Without Barker CH Display Time,2.3976,PASS,2016-06-16 00:30:06
3.4,DVR Launch,0.9657,PASS,2016-06-16 00:32:18
3.1a,Menu Launch Time,0.333,PASS,2016-06-16 00:33:35
3.2a,GuideLaunchTimeMsrmentWithoutPIP,0.7326,PASS,2016-06-16 00:35:50
3.3,Info Launch,0.1665,PASS,2016-06-16 00:37:00
4a,VOD Launch Time,0.0,FAIL,2016-06-16 00:49:24
1b,Measure Ten Channel Change Time,29.403900000000007,PASS,2016-06-16 01:18:14
4b,VOD Launch Without Barker CH Display Time,1.6650000000000003,PASS,2016-06-16 01:21:42
3.4,DVR Launch,2.3643,PASS,2016-06-16 01:26:06
3.1a,Menu Launch Time,0.0666,PASS,2016-06-16 01:27:00
3.2a,GuideLaunchTimeMsrmentWithoutPIP,0.5994,PASS,2016-06-16 01:28:58
3.3,Info Launch,0.39960000000000007,PASS,2016-06-16 01:30:36
4a,VOD Launch Time,0.0,FAIL,2016-06-16 01:44:35
1b,Measure Ten Channel Change Time,26.3736,PASS,2016-06-16 02:05:34
4b,VOD Launch Without Barker CH Display Time,1.3653000000000002,PASS,2016-06-16 02:08:02
3.4,DVR Launch,3.7629,PASS,2016-06-16 02:12:50
3.1a,Menu Launch Time,0.7326,PASS,2016-06-16 02:14:31
3.2a,GuideLaunchTimeMsrmentWithoutPIP,0.5994,PASS,2016-06-16 02:16:15
3.3,Info Launch,0.1665,PASS,2016-06-16 02:17:27
4a,VOD Launch Time,0.0,FAIL,2016-06-16 02:28:38
1b,Measure Ten Channel Change Time,38.82780000000001,PASS,2016-06-16 03:14:12
4b,VOD Launch Without Barker CH Display Time,2.2311,PASS,2016-06-16 03:18:21
3.4,DVR Launch,1.8981,PASS,2016-06-16 03:21:59
3.1a,Menu Launch Time,0.333,PASS,2016-06-16 03:23:12
3.2a,GuideLaunchTimeMsrmentWithoutPIP,1.2321,PASS,2016-06-16 03:26:19
3.3,Info Launch,0.23310000000000003,PASS,2016-06-16 03:27:36
4a,VOD Launch Time,0.0,FAIL,2016-06-16 03:38:43
1b,Measure Ten Channel Change Time,34.56540000000001,PASS,2016-06-16 04:13:34
4b,VOD Launch Without Barker CH Display Time,1.4319000000000002,PASS,2016-06-16 04:16:19
3.4,DVR Launch,1.5984,PASS,2016-06-16 04:19:32
3.1a,Menu Launch Time,0.43290000000000006,PASS,2016-06-16 04:20:59
3.2a,GuideLaunchTimeMsrmentWithoutPIP,0,FAIL,2016-06-16 04:30:17
3.3,Info Launch,0.09990000000000002,PASS,2016-06-16 04:31:19
4a,VOD Launch Time,0.0,FAIL,2016-06-16 04:43:40
1b,Measure Ten Channel Change Time,31.235400000000002,PASS,2016-06-16 05:19:27
4b,VOD Launch Without Barker CH Display Time,1.1988,PASS,2016-06-16 05:21:46
3.4,DVR Launch,2.7639,PASS,2016-06-16 05:25:44
3.1a,Menu Launch Time,0.3663,PASS,2016-06-16 05:26:55
3.2a,GuideLaunchTimeMsrmentWithoutPIP,1.1322,PASS,2016-06-16 05:29:28
3.3,Info Launch,2.5641000000000003,PASS,2016-06-16 05:34:00
4a,VOD Launch Time,0.0,FAIL,2016-06-16 05:45:45
1b,Measure Ten Channel Change Time,37.02960000000001,PASS,2016-06-16 06:23:19
4b,VOD Launch Without Barker CH Display Time,1.332,PASS,2016-06-16 06:27:05
3.4,DVR Launch,2.7639,PASS,2016-06-16 06:32:44
3.1a,Menu Launch Time,0.6327,PASS,2016-06-16 06:34:31
3.2a,GuideLaunchTimeMsrmentWithoutPIP,0.9657,PASS,2016-06-16 06:36:56
3.3,Info Launch,0.19980000000000003,PASS,2016-06-16 06:38:12
4a,VOD Launch Time,0.0,FAIL,2016-06-16 06:51:03
1b,Measure Ten Channel Change Time,29.470500000000005,PASS,2016-06-16 07:19:55
4b,VOD Launch Without Barker CH Display Time,1.4652,PASS,2016-06-16 07:22:59
3.4,DVR Launch,1.0656,PASS,2016-06-16 07:24:58
3.1a,Menu Launch Time,1.2987000000000002,PASS,2016-06-16 07:27:27
3.2a,GuideLaunchTimeMsrmentWithoutPIP,0.666,PASS,2016-06-16 07:29:05
3.3,Info Launch,0.2997,PASS,2016-06-16 07:30:25
4a,VOD Launch Time,0.0,FAIL,2016-06-16 07:43:01
1b,Measure Ten Channel Change Time,33.5664,PASS,2016-06-16 08:08:58
4b,VOD Launch Without Barker CH Display Time,1.9647000000000001,PASS,2016-06-16 08:12:35
3.4,DVR Launch,1.8981,PASS,2016-06-16 08:15:51
3.1a,Menu Launch Time,0.3663,PASS,2016-06-16 08:17:08
3.2a,GuideLaunchTimeMsrmentWithoutPIP,0.5328,PASS,2016-06-16 08:18:46
3.3,Info Launch,0.9324000000000001,PASS,2016-06-16 08:21:07
4a,VOD Launch Time,0.0,FAIL,2016-06-16 08:32:43
1b,Measure Ten Channel Change Time,33.9993,PASS,2016-06-16 09:06:18
4b,VOD Launch Without Barker CH Display Time,1.8648000000000002,PASS,2016-06-16 09:09:55
3.4,DVR Launch,0.8325,PASS,2016-06-16 09:11:49
3.1a,Menu Launch Time,0.3663,PASS,2016-06-16 09:13:12
3.2a,GuideLaunchTimeMsrmentWithoutPIP,0.666,PASS,2016-06-16 09:15:10
3.3,Info Launch,0.2997,PASS,2016-06-16 09:16:39
4a,VOD Launch Time,0.0,FAIL,2016-06-16 09:29:32
1b,Measure Ten Channel Change Time,33.999300000000005,PASS,2016-06-16 10:06:13
4b,VOD Launch Without Barker CH Display Time,1.9980000000000002,PASS,2016-06-16 10:09:43
3.4,DVR Launch,1.5318,PASS,2016-06-16 10:12:15
3.1a,Menu Launch Time,0.8325000000000001,PASS,2016-06-16 10:13:54
3.2a,GuideLaunchTimeMsrmentWithoutPIP,0.5661,PASS,2016-06-16 10:15:40
3.3,Info Launch,1.1988,PASS,2016-06-16 10:18:15
4a,VOD Launch Time,0.0,FAIL,2016-06-16 10:30:51
1b,Measure Ten Channel Change Time,34.965,PASS,2016-06-16 10:54:18
4b,VOD Launch Without Barker CH Display Time,1.8315000000000001,PASS,2016-06-16 10:57:23
3.4,DVR Launch,1.5318,PASS,2016-06-16 10:59:45
3.1a,Menu Launch Time,1.0656,PASS,2016-06-16 11:01:59
3.2a,GuideLaunchTimeMsrmentWithoutPIP,0.7659,PASS,2016-06-16 11:03:58
3.3,Info Launch,0.2997,PASS,2016-06-16 11:05:17
4a,VOD Launch Time,0.0,FAIL,2016-06-16 11:16:45
1b,Measure Ten Channel Change Time,31.035600000000006,PASS,2016-06-16 11:43:00
4b,VOD Launch Without Barker CH Display Time,1.6317000000000002,PASS,2016-06-16 11:46:17
3.4,DVR Launch,1.3653,PASS,2016-06-16 11:48:55
3.1a,Menu Launch Time,0.6327,PASS,2016-06-16 11:50:31
3.2a,GuideLaunchTimeMsrmentWithoutPIP,0.7326,PASS,2016-06-16 11:52:19
3.3,Info Launch,0.19980000000000003,PASS,2016-06-16 11:53:28
4a,VOD Launch Time,0.0,FAIL,2016-06-16 12:06:56
1b,Measure Ten Channel Change Time,31.002300000000005,PASS,2016-06-16 12:30:29
4b,VOD Launch Without Barker CH Display Time,1.5984000000000003,PASS,2016-06-16 12:33:25
3.4,DVR Launch,1.7649,PASS,2016-06-16 12:36:36
3.1a,Menu Launch Time,0.49950000000000006,PASS,2016-06-16 12:37:57
3.2a,GuideLaunchTimeMsrmentWithoutPIP,1.3986,PASS,2016-06-16 12:40:53
3.3,Info Launch,0.0333,PASS,2016-06-16 12:41:47
4a,VOD Launch Time,0.0,FAIL,2016-06-16 12:54:03
1b,Measure Ten Channel Change Time,29.7036,PASS,2016-06-16 13:36:01
4b,VOD Launch Without Barker CH Display Time,0.7992000000000001,PASS,2016-06-16 13:38:08
3.4,DVR Launch,0.8325,PASS,2016-06-16 13:40:07
3.1a,Menu Launch Time,0.43290000000000006,PASS,2016-06-16 13:41:30
3.2a,GuideLaunchTimeMsrmentWithoutPIP,0.666,PASS,2016-06-16 13:43:24
3.3,Info Launch,0.1665,PASS,2016-06-16 13:44:35
4a,VOD Launch Time,0.0,FAIL,2016-06-16 13:58:07
1b,Measure Ten Channel Change Time,31.035600000000006,PASS,2016-06-16 14:28:02
4b,VOD Launch Without Barker CH Display Time,1.1988,PASS,2016-06-16 14:30:19
3.4,DVR Launch,2.2311,PASS,2016-06-16 14:34:24
3.1a,Menu Launch Time,0.43290000000000006,PASS,2016-06-16 14:35:51
3.2a,GuideLaunchTimeMsrmentWithoutPIP,0.8658,PASS,2016-06-16 14:38:12
3.3,Info Launch,0.6993,PASS,2016-06-16 14:40:14
4a,VOD Launch Time,0.0,FAIL,2016-06-16 14:53:58
1b,Measure Ten Channel Change Time,32.334300000000006,PASS,2016-06-16 15:24:00
4b,VOD Launch Without Barker CH Display Time,1.1988,PASS,2016-06-16 15:26:24
3.4,DVR Launch,2.0313,PASS,2016-06-16 15:29:35
3.1a,Menu Launch Time,0.5994,PASS,2016-06-16 15:31:09
3.2a,GuideLaunchTimeMsrmentWithoutPIP,0.5661,PASS,2016-06-16 15:32:58
3.3,Info Launch,0.23310000000000003,PASS,2016-06-16 15:34:16
4a,VOD Launch Time,0.0,FAIL,2016-06-16 15:46:27
1b,Measure Ten Channel Change Time,34.6986,PASS,2016-06-16 16:24:27
4b,VOD Launch Without Barker CH Display Time,2.3976,PASS,2016-06-16 16:28:36
3.4,DVR Launch,1.4319,PASS,2016-06-16 16:31:04
3.1a,Menu Launch Time,0.39960000000000007,PASS,2016-06-16 16:32:25
3.2a,GuideLaunchTimeMsrmentWithoutPIP,0.5994,PASS,2016-06-16 16:34:01
3.3,Info Launch,0.23310000000000003,PASS,2016-06-16 16:35:08
4a,VOD Launch Time,0.0,FAIL,2016-06-16 16:43:52
3.4,DVR Launch,0.9324,PASS,2016-06-17 14:55:03
3.1a,Menu Launch Time,0.39960000000000007,PASS,2016-06-17 14:56:26
3.2a,GuideLaunchTimeMsrmentWithoutPIP,0.666,PASS,2016-06-17 14:58:27
3.3,Info Launch,0.2997,PASS,2016-06-17 14:59:51
4a,VOD Launch Time,0.0,FAIL,2016-06-17 15:14:09
1b,Measure Ten Channel Change Time,20.013300000000005,PASS,2016-06-17 15:33:54
3.4,DVR Launch,0.3996,FAIL,2016-06-17 17:20:36
3.1a,Menu Launch Time,0.39960000000000007,PASS,2016-06-17 17:22:09
3.2a,GuideLaunchTimeMsrmentWithoutPIP,0.9657,PASS,2016-06-17 17:24:53
3.3,Info Launch,0.2664,PASS,2016-06-17 17:26:18
4a,VOD Launch Time,0.0,FAIL,2016-06-17 17:39:23
1b,Measure Ten Channel Change Time,18.315,PASS,2016-06-17 18:25:16
3.4,DVR Launch,0.9324,PASS,2016-06-17 18:27:32
3.1a,Menu Launch Time,0.5328,PASS,2016-06-17 18:29:05
3.2a,GuideLaunchTimeMsrmentWithoutPIP,0.7326,PASS,2016-06-17 18:30:57
3.3,Info Launch,0.2664,PASS,2016-06-17 18:32:15
4a,VOD Launch Time,0.0,FAIL,2016-06-17 18:45:00
1b,Measure Ten Channel Change Time,20.812500000000004,PASS,2016-06-17 19:05:55
3.4,DVR Launch,0.8991,PASS,2016-06-17 19:08:07
3.1a,Menu Launch Time,0.7326,PASS,2016-06-17 19:10:06
3.2a,GuideLaunchTimeMsrmentWithoutPIP,0.5994,PASS,2016-06-17 19:11:52
3.3,Info Launch,0.23310000000000003,PASS,2016-06-17 19:13:09
4a,VOD Launch Time,0.0,FAIL,2016-06-17 19:26:08
3.4,DVR Launch,1.4985,PASS,2016-06-17 19:28:55
3.1a,Menu Launch Time,0.46620000000000006,PASS,2016-06-17 19:30:31
3.2a,GuideLaunchTimeMsrmentWithoutPIP,0.7659,PASS,2016-06-17 19:32:48
3.3,Info Launch,0.333,PASS,2016-06-17 19:34:22
1b,Measure Ten Channel Change Time,22.4775,PASS,2016-06-17 20:22:39
3.4,DVR Launch,0.6993,PASS,2016-06-17 20:24:42
3.1a,Menu Launch Time,0.43290000000000006,PASS,2016-06-17 20:26:21
3.2a,GuideLaunchTimeMsrmentWithoutPIP,0.666,PASS,2016-06-17 20:28:54
3.3,Info Launch,0.19980000000000003,PASS,2016-06-17 20:30:20
4a,VOD Launch Time,0.0,FAIL,2016-06-17 20:47:42
1b,Measure Ten Channel Change Time,20.646000000000004,PASS,2016-06-17 21:48:45
3.4,DVR Launch,0.9324,PASS,2016-06-17 21:51:13
3.1a,Menu Launch Time,0.5328,PASS,2016-06-17 21:52:54
3.2a,GuideLaunchTimeMsrmentWithoutPIP,0.666,PASS,2016-06-17 21:55:22
3.3,Info Launch,0.43290000000000006,PASS,2016-06-17 21:56:58
4a,VOD Launch Time,0.0,FAIL,2016-06-17 22:12:23
1b,Measure Ten Channel Change Time,25.740900000000007,PASS,2016-06-17 23:03:13
3.4,DVR Launch,0.0,FAIL,2016-06-20 14:06:44
3.1a,Menu Launch Time,0.333,PASS,2016-06-20 14:07:48
3.2a,GuideLaunchTimeMsrmentWithoutPIP,0.6993,PASS,2016-06-20 14:09:32
3.3,Info Launch,0.19980000000000003,PASS,2016-06-20 14:10:39
4a,VOD Launch Time,0.0,FAIL,2016-06-20 14:21:36
3.4,DVR Launch,0.8658,PASS,2016-06-20 14:51:36
3.1a,Menu Launch Time,0.43290000000000006,PASS,2016-06-20 14:52:47
3.2a,GuideLaunchTimeMsrmentWithoutPIP,0.6993,PASS,2016-06-20 14:54:15
3.3,Info Launch,0.19980000000000003,PASS,2016-06-20 14:55:24
4a,VOD Launch Time,0.0,FAIL,2016-06-20 15:03:31
4a,VOD Launch Time,8.1168,PASS
1b,Measure Ten Channel Change Time,22.8105,PASS,2016-06-20 15:43:55
3.4,DVR Launch,0.8325,PASS,2016-06-20 15:45:09
3.1a,Menu Launch Time,0.46620000000000006,PASS,2016-06-20 15:46:06
3.2a,GuideLaunchTimeMsrmentWithoutPIP,0.7326,PASS,2016-06-20 15:47:23
3.3,Info Launch,0.2664,PASS,2016-06-20 15:48:28
4a,VOD Launch Time,0.0,FAIL,2016-06-20 15:54:11
4a,VOD Launch Time,7.8392,PASS
1b,Measure Ten Channel Change Time,21.245400000000007,PASS,2016-06-20 16:24:34
3.4,DVR Launch,0.9657,PASS,2016-06-20 16:25:44
3.1a,Menu Launch Time,0.5661,PASS,2016-06-20 16:26:46
3.2a,GuideLaunchTimeMsrmentWithoutPIP,1.7649,PASS,2016-06-20 16:28:27
3.3,Info Launch,0.23310000000000003,PASS,2016-06-20 16:29:21
4a,VOD Launch Time,0.0,FAIL,2016-06-20 16:34:27
4a,VOD Launch Time,2.8777999999999997,PASS
3.4,DVR Launch,0.8325,FAIL,2016-06-20 18:38:46
3.1a,Menu Launch Time,0.9990000000000001,PASS,2016-06-20 18:40:02
3.2a,GuideLaunchTimeMsrmentWithoutPIP,0,FAIL,2016-06-20 18:44:01
3.3,Info Launch,0.0,PASS,2016-06-20 18:48:27
1b,Measure Ten Channel Change Time,39.7269,PASS,2016-06-20 19:23:25
1b,Measure Ten Channel Change Time,17.982000000000003,PASS,2016-06-20 23:48:12
1b,Measure Ten Channel Change Time,20.8791,PASS,2016-06-21 01:11:56
1b,Measure Ten Channel Change Time,19.647000000000002,PASS,2016-06-21 02:24:17
1b,Measure Ten Channel Change Time,18.181800000000003,PASS,2016-06-21 03:40:25
1b,Measure Ten Channel Change Time,18.5148,PASS,2016-06-21 04:44:35
1b,Measure Ten Channel Change Time,17.415900000000004,PASS,2016-06-21 05:48:52
1b,Measure Ten Channel Change Time,17.0163,PASS,2016-06-21 06:49:33
1b,Measure Ten Channel Change Time,21.1122,PASS,2016-06-21 08:10:36
1b,Measure Ten Channel Change Time,20.113200000000003,PASS,2016-06-21 09:31:09
1b,Measure Ten Channel Change Time,24.175800000000002,PASS,2016-06-21 10:47:45
1b,Measure Ten Channel Change Time,17.4492,PASS,2016-06-21 12:04:48
1b,Measure Ten Channel Change Time,17.815500000000004,PASS,2016-06-21 13:17:15
1b,Measure Ten Channel Change Time,24.309,PASS,2016-06-21 16:13:18
1b,Measure Ten Channel Change Time,29.104200000000002,PASS,2016-06-21 17:23:23
1b,Measure Ten Channel Change Time,28.604700000000005,PASS,2016-06-21 18:23:47
1b,Measure Ten Channel Change Time,29.304000000000002,PASS,2016-06-21 19:05:37
1b,Measure Ten Channel Change Time,25.308,PASS,2016-06-21 19:39:36
1b,Measure Ten Channel Change Time,36.16380000000001,PASS,2016-06-21 20:43:18
1b,Measure Ten Channel Change Time,35.364599999999996,PASS,2016-06-21 21:33:48
3.4,DVR Launch,2.0646,PASS,2016-06-21 22:21:42
3.1a,Menu Launch Time,0.43290000000000006,PASS,2016-06-21 22:22:59
3.2a,GuideLaunchTimeMsrmentWithoutPIP,0.7992,PASS,2016-06-21 22:25:32
3.3,Info Launch,0.2664,PASS,2016-06-21 22:26:57
3.4,DVR Launch,2.2311,PASS,2016-06-21 22:33:25
3.1a,Menu Launch Time,0.2997,PASS,2016-06-21 22:34:47
3.2a,GuideLaunchTimeMsrmentWithoutPIP,0.4662,PASS,2016-06-21 22:36:37
3.3,Info Launch,0.23310000000000003,PASS,2016-06-21 22:38:02
3.4,DVR Launch,4.0959,PASS,2016-06-21 22:46:47
3.1a,Menu Launch Time,0.2997,PASS,2016-06-21 22:47:57
3.2a,GuideLaunchTimeMsrmentWithoutPIP,0.999,PASS,2016-06-21 22:50:36
3.3,Info Launch,0.333,PASS,2016-06-21 22:52:04
3.4,DVR Launch,1.4652,PASS,2016-06-21 22:56:23
3.1a,Menu Launch Time,0.6327,PASS,2016-06-21 22:58:22
3.2a,GuideLaunchTimeMsrmentWithoutPIP,0.1998,PASS,2016-06-21 22:59:51
3.3,Info Launch,0.333,PASS,2016-06-21 23:01:28
3.4,DVR Launch,1.0989,PASS,2016-06-21 23:04:54
3.1a,Menu Launch Time,0.49950000000000006,PASS,2016-06-21 23:06:38
3.2a,GuideLaunchTimeMsrmentWithoutPIP,0.666,PASS,2016-06-21 23:08:42
3.3,Info Launch,0.43290000000000006,PASS,2016-06-21 23:10:27
3.4,DVR Launch,0.8658,PASS,2016-06-21 23:13:19
3.1a,Menu Launch Time,0.8991000000000001,PASS,2016-06-21 23:15:43
3.2a,GuideLaunchTimeMsrmentWithoutPIP,0.666,PASS,2016-06-21 23:18:08
3.3,Info Launch,0.2664,PASS,2016-06-21 23:19:39
3.4,DVR Launch,0.8325,PASS,2016-06-21 23:22:40
3.1a,Menu Launch Time,0.46620000000000006,PASS,2016-06-21 23:24:17
3.2a,GuideLaunchTimeMsrmentWithoutPIP,0.6993,PASS,2016-06-21 23:26:37
3.3,Info Launch,0.2664,PASS,2016-06-21 23:28:03
3.4,DVR Launch,2.4309,PASS,2016-06-21 23:33:44
3.1a,Menu Launch Time,0.49950000000000006,PASS,2016-06-21 23:35:23
3.2a,GuideLaunchTimeMsrmentWithoutPIP,0.5994,PASS,2016-06-21 23:37:47
3.3,Info Launch,0.23310000000000003,PASS,2016-06-21 23:39:11
3.4,DVR Launch,0.8991,PASS,2016-06-21 23:42:24
3.1a,Menu Launch Time,0.6327,PASS,2016-06-21 23:44:16
3.2a,GuideLaunchTimeMsrmentWithoutPIP,0.5661,PASS,2016-06-21 23:46:17
3.3,Info Launch,0.43290000000000006,PASS,2016-06-21 23:48:06
3.4,DVR Launch,1.7316,PASS,2016-06-21 23:52:33
3.1a,Menu Launch Time,0.43290000000000006,PASS,2016-06-21 23:54:03
3.2a,GuideLaunchTimeMsrmentWithoutPIP,0.6327,PASS,2016-06-21 23:56:16
3.3,Info Launch,0.333,PASS,2016-06-21 23:57:56
3.4,DVR Launch,0.6993,PASS,2016-06-22 00:00:46
3.1a,Menu Launch Time,0.39960000000000007,PASS,2016-06-22 00:02:23
3.2a,GuideLaunchTimeMsrmentWithoutPIP,0.5661,PASS,2016-06-22 00:04:33
3.3,Info Launch,0.1332,PASS,2016-06-22 00:05:49
3.4,DVR Launch,0.9324,PASS,2016-06-22 00:08:59
3.1a,Menu Launch Time,0.5994,PASS,2016-06-22 00:10:54
3.2a,GuideLaunchTimeMsrmentWithoutPIP,0.5661,PASS,2016-06-22 00:12:51
3.3,Info Launch,0.43290000000000006,PASS,2016-06-22 00:14:43
3.4,DVR Launch,0.999,PASS,2016-06-22 00:17:55
3.1a,Menu Launch Time,0.49950000000000006,PASS,2016-06-22 00:19:30
3.2a,GuideLaunchTimeMsrmentWithoutPIP,0.6327,PASS,2016-06-22 00:21:50
3.3,Info Launch,0.7326,PASS,2016-06-22 00:24:18
3.4,DVR Launch,2.4309,PASS,2016-06-22 00:30:20
3.1a,Menu Launch Time,0.5328,PASS,2016-06-22 00:32:05
3.2a,GuideLaunchTimeMsrmentWithoutPIP,0.5994,PASS,2016-06-22 00:33:58
3.3,Info Launch,0.43290000000000006,PASS,2016-06-22 00:35:36
3.4,DVR Launch,2.7639,PASS,2016-06-22 00:41:45
3.1a,Menu Launch Time,0.43290000000000006,PASS,2016-06-22 00:43:24
3.2a,GuideLaunchTimeMsrmentWithoutPIP,0.5994,PASS,2016-06-22 00:45:33
3.3,Info Launch,0.09990000000000002,PASS,2016-06-22 00:46:47
3.4,DVR Launch,3.0969,PASS,2016-06-22 00:53:35
3.1a,Menu Launch Time,0.3663,PASS,2016-06-22 00:55:03
3.2a,GuideLaunchTimeMsrmentWithoutPIP,0.999,PASS,2016-06-22 00:57:44
3.3,Info Launch,0.2664,PASS,2016-06-22 00:59:08
3.4,DVR Launch,1.3653,PASS,2016-06-22 01:02:53
3.1a,Menu Launch Time,0.46620000000000006,PASS,2016-06-22 01:04:35
3.2a,GuideLaunchTimeMsrmentWithoutPIP,0.6327,PASS,2016-06-22 01:06:53
3.3,Info Launch,0.5994,PASS,2016-06-22 01:08:47
3.4,DVR Launch,1.1322,PASS,2016-06-22 01:12:21
3.1a,Menu Launch Time,0.46620000000000006,PASS,2016-06-22 01:13:52
3.2a,GuideLaunchTimeMsrmentWithoutPIP,0.5661,PASS,2016-06-22 01:15:56
3.3,Info Launch,0.9657000000000001,PASS,2016-06-22 01:18:34
3.4,DVR Launch,3.3966,PASS,2016-06-22 01:26:14
3.1a,Menu Launch Time,0.49950000000000006,PASS,2016-06-22 01:27:49
3.2a,GuideLaunchTimeMsrmentWithoutPIP,0.3996,PASS,2016-06-22 01:29:32
3.3,Info Launch,1.2321000000000002,PASS,2016-06-22 01:32:54
3.4,DVR Launch,2.664,PASS,2016-06-22 01:39:17
3.1a,Menu Launch Time,0.7659,PASS,2016-06-22 01:41:29
3.2a,GuideLaunchTimeMsrmentWithoutPIP,2.5308,PASS,2016-06-22 01:47:02
3.3,Info Launch,0.23310000000000003,PASS,2016-06-22 01:48:33
3.4,DVR Launch,1.4319,PASS,2016-06-22 01:52:39
3.1a,Menu Launch Time,1.2987000000000002,PASS,2016-06-22 01:55:51
3.2a,GuideLaunchTimeMsrmentWithoutPIP,0.6993,PASS,2016-06-22 01:58:16
3.3,Info Launch,0.19980000000000003,PASS,2016-06-22 01:59:35
3.4,DVR Launch,5.328,PASS,2016-06-22 02:10:41
3.1a,Menu Launch Time,0.7326,PASS,2016-06-22 02:12:37
3.2a,GuideLaunchTimeMsrmentWithoutPIP,1.1322,PASS,2016-06-22 02:15:58
3.3,Info Launch,0.19980000000000003,PASS,2016-06-22 02:17:25
3.4,DVR Launch,0.7992,PASS,2016-06-22 02:20:25
3.1a,Menu Launch Time,1.1322,PASS,2016-06-22 02:23:16
3.2a,GuideLaunchTimeMsrmentWithoutPIP,0.666,PASS,2016-06-22 02:25:21
3.3,Info Launch,0.333,PASS,2016-06-22 02:26:58
3.4,DVR Launch,1.8981,PASS,2016-06-22 02:32:04
3.1a,Menu Launch Time,0.3663,PASS,2016-06-22 02:33:34
3.2a,GuideLaunchTimeMsrmentWithoutPIP,0.5328,PASS,2016-06-22 02:35:28
3.3,Info Launch,0.19980000000000003,PASS,2016-06-22 02:36:42
3.4,DVR Launch,0.0,FAIL,2016-06-22 02:49:31
3.1a,Menu Launch Time,0.5328,PASS,2016-06-22 02:51:06
3.2a,GuideLaunchTimeMsrmentWithoutPIP,0.4995,PASS,2016-06-22 02:52:59
3.3,Info Launch,1.0656,PASS,2016-06-22 02:55:50
3.4,DVR Launch,0.0,FAIL,2016-06-22 03:08:04
3.1a,Menu Launch Time,0.46620000000000006,PASS,2016-06-22 03:09:40
3.2a,GuideLaunchTimeMsrmentWithoutPIP,0.3996,PASS,2016-06-22 03:11:32
3.3,Info Launch,0.1665,PASS,2016-06-22 03:12:46
3.4,DVR Launch,2.7639,PASS,2016-06-22 03:19:17
3.1a,Menu Launch Time,0.39960000000000007,PASS,2016-06-22 03:20:45
3.2a,GuideLaunchTimeMsrmentWithoutPIP,0.666,PASS,2016-06-22 03:23:05
3.3,Info Launch,0.46620000000000006,PASS,2016-06-22 03:24:54
3.4,DVR Launch,0.0,FAIL,2016-06-22 03:37:32
3.1a,Menu Launch Time,0.5328,PASS,2016-06-22 03:39:13
3.2a,GuideLaunchTimeMsrmentWithoutPIP,0.5328,PASS,2016-06-22 03:41:21
3.3,Info Launch,0.3663,PASS,2016-06-22 03:43:06
3.4,DVR Launch,2.1312,PASS,2016-06-22 03:48:31
3.1a,Menu Launch Time,1.2321000000000002,PASS,2016-06-22 03:51:21
3.2a,GuideLaunchTimeMsrmentWithoutPIP,0.5661,PASS,2016-06-22 03:53:42
3.3,Info Launch,0.23310000000000003,PASS,2016-06-22 03:55:07
3.4,DVR Launch,3.7962,PASS,2016-06-22 04:05:41
3.1a,Menu Launch Time,0.6993,PASS,2016-06-22 04:07:45
3.2a,GuideLaunchTimeMsrmentWithoutPIP,0,FAIL,2016-06-22 04:19:59
3.3,Info Launch,0.2997,PASS,2016-06-22 04:21:32
3.4,DVR Launch,2.8971,PASS,2016-06-22 04:28:37
3.1a,Menu Launch Time,0.43290000000000006,PASS,2016-06-22 04:30:17
3.2a,GuideLaunchTimeMsrmentWithoutPIP,0,FAIL,2016-06-22 04:42:20
3.3,Info Launch,0.23310000000000003,PASS,2016-06-22 04:43:41
3.4,DVR Launch,1.1322,PASS,2016-06-22 04:47:13
3.1a,Menu Launch Time,0.5328,PASS,2016-06-22 04:49:00
3.2a,GuideLaunchTimeMsrmentWithoutPIP,0,FAIL,2016-06-22 05:01:04
3.3,Info Launch,0.19980000000000003,PASS,2016-06-22 05:02:23
3.4,DVR Launch,1.6317,PASS,2016-06-22 05:06:44
3.1a,Menu Launch Time,0.46620000000000006,PASS,2016-06-22 05:08:30
3.2a,GuideLaunchTimeMsrmentWithoutPIP,1.332,PASS,2016-06-22 05:11:51
3.3,Info Launch,0.23310000000000003,PASS,2016-06-22 05:13:11
3.4,DVR Launch,2.4642,PASS,2016-06-22 05:18:58
3.1a,Menu Launch Time,0.39960000000000007,PASS,2016-06-22 05:20:28
3.2a,GuideLaunchTimeMsrmentWithoutPIP,0.5328,PASS,2016-06-22 05:22:00
3.3,Info Launch,0.1665,PASS,2016-06-22 05:23:12
3.4,DVR Launch,3.0303,PASS,2016-06-22 05:29:59
3.1a,Menu Launch Time,0.9990000000000001,PASS,2016-06-22 05:32:38
3.2a,GuideLaunchTimeMsrmentWithoutPIP,0.5328,PASS,2016-06-22 05:34:36
3.3,Info Launch,0.1665,PASS,2016-06-22 05:35:54
3.4,DVR Launch,1.4319,PASS,2016-06-22 05:40:10
3.1a,Menu Launch Time,0.43290000000000006,PASS,2016-06-22 05:42:01
3.2a,GuideLaunchTimeMsrmentWithoutPIP,0.5994,PASS,2016-06-22 05:44:11
3.3,Info Launch,0.43290000000000006,PASS,2016-06-22 05:46:00
3.4,DVR Launch,0.8658,PASS,2016-06-22 05:49:02
3.1a,Menu Launch Time,0.5328,PASS,2016-06-22 05:50:54
3.2a,GuideLaunchTimeMsrmentWithoutPIP,0.5661,PASS,2016-06-22 05:52:58
3.3,Info Launch,0.1665,PASS,2016-06-22 05:54:11
3.4,DVR Launch,1.7982,PASS,2016-06-22 05:58:32
3.1a,Menu Launch Time,0.9657000000000001,PASS,2016-06-22 06:00:58
3.2a,GuideLaunchTimeMsrmentWithoutPIP,0.5328,PASS,2016-06-22 06:02:36
3.3,Info Launch,0.19980000000000003,PASS,2016-06-22 06:03:57
3.4,DVR Launch,1.5651,PASS,2016-06-22 06:08:33
3.1a,Menu Launch Time,0.0333,PASS,2016-06-22 06:09:24
3.2a,GuideLaunchTimeMsrmentWithoutPIP,1.1655,PASS,2016-06-22 06:12:42
3.3,Info Launch,0.0333,PASS,2016-06-22 06:13:41
3.4,DVR Launch,0.9324,PASS,2016-06-22 06:17:09
3.1a,Menu Launch Time,0.6993,PASS,2016-06-22 06:18:53
3.2a,GuideLaunchTimeMsrmentWithoutPIP,0.666,PASS,2016-06-22 06:21:10
3.3,Info Launch,1.5651000000000002,PASS,2016-06-22 06:25:01
3.4,DVR Launch,1.0989,PASS,2016-06-22 06:28:30
3.1a,Menu Launch Time,0.39960000000000007,PASS,2016-06-22 06:29:56
3.2a,GuideLaunchTimeMsrmentWithoutPIP,0.9657,PASS,2016-06-22 06:32:53
3.3,Info Launch,0.19980000000000003,PASS,2016-06-22 06:34:15
3.4,DVR Launch,1.0989,PASS,2016-06-22 06:37:45
3.1a,Menu Launch Time,0.46620000000000006,PASS,2016-06-22 06:39:24
3.2a,GuideLaunchTimeMsrmentWithoutPIP,0.5328,PASS,2016-06-22 06:41:25
3.3,Info Launch,1.2654,PASS,2016-06-22 06:44:53
3.4,DVR Launch,2.6973,PASS,2016-06-22 06:50:59
3.1a,Menu Launch Time,0.46620000000000006,PASS,2016-06-22 06:52:45
3.2a,GuideLaunchTimeMsrmentWithoutPIP,0,FAIL,2016-06-22 07:04:39
3.3,Info Launch,0.19980000000000003,PASS,2016-06-22 07:05:58
3.4,DVR Launch,2.7639,PASS,2016-06-22 07:11:57
3.1a,Menu Launch Time,0.9657000000000001,PASS,2016-06-22 07:14:24
3.2a,GuideLaunchTimeMsrmentWithoutPIP,0.5994,PASS,2016-06-22 07:16:39
3.3,Info Launch,0.2664,PASS,2016-06-22 07:18:07
3.4,DVR Launch,0.0,FAIL,2016-06-22 07:31:36
3.1a,Menu Launch Time,0.3663,PASS,2016-06-22 07:32:58
3.2a,GuideLaunchTimeMsrmentWithoutPIP,0.5661,PASS,2016-06-22 07:35:09
3.3,Info Launch,0.1332,PASS,2016-06-22 07:36:25
3.4,DVR Launch,1.7316,PASS,2016-06-22 07:40:51
3.1a,Menu Launch Time,0.43290000000000006,PASS,2016-06-22 07:42:23
3.2a,GuideLaunchTimeMsrmentWithoutPIP,0.5661,PASS,2016-06-22 07:44:28
3.3,Info Launch,0.3663,PASS,2016-06-22 07:46:14
3.4,DVR Launch,3.7962,PASS,2016-06-22 07:56:19
3.1a,Menu Launch Time,0.7326,PASS,2016-06-22 07:58:34
3.2a,GuideLaunchTimeMsrmentWithoutPIP,1.1988,PASS,2016-06-22 08:01:43
3.3,Info Launch,0.333,PASS,2016-06-22 08:03:20
3.4,DVR Launch,1.2654,PASS,2016-06-22 08:07:11
3.1a,Menu Launch Time,0.23310000000000003,PASS,2016-06-22 08:08:19
3.2a,GuideLaunchTimeMsrmentWithoutPIP,0.6993,PASS,2016-06-22 08:10:44
3.3,Info Launch,0.2997,PASS,2016-06-22 08:12:05
3.4,DVR Launch,2.5974,PASS,2016-06-22 08:18:12
3.1a,Menu Launch Time,0.3663,PASS,2016-06-22 08:19:36
3.2a,GuideLaunchTimeMsrmentWithoutPIP,0.5661,PASS,2016-06-22 08:21:40
3.3,Info Launch,0.1665,PASS,2016-06-22 08:22:51
3.4,DVR Launch,2.2644,PASS,2016-06-22 08:28:40
3.1a,Menu Launch Time,1.2321000000000002,PASS,2016-06-22 08:31:30
3.2a,GuideLaunchTimeMsrmentWithoutPIP,0.7659,PASS,2016-06-22 08:34:06
3.3,Info Launch,0.0,PASS,2016-06-22 08:45:56
1b,Measure Ten Channel Change Time,28.171800000000005,PASS,2016-06-22 14:19:14
1b,Measure Ten Channel Change Time,29.7369,PASS,2016-06-22 15:49:10
1b,Measure Ten Channel Change Time,28.9044,PASS,2016-06-22 21:00:35
1b,Measure Ten Channel Change Time,33.533100000000005,PASS,2016-06-22 22:31:55
1b,Measure Ten Channel Change Time,24.209100000000003,PASS,2016-06-22 23:33:53
1b,Measure Ten Channel Change Time,35.098200000000006,PASS,2016-06-23 00:43:52
1b,Measure Ten Channel Change Time,30.769200000000005,PASS,2016-06-23 02:19:19
1b,Measure Ten Channel Change Time,34.099199999999996,PASS,2016-06-23 03:29:22
1b,Measure Ten Channel Change Time,30.369600000000002,PASS,2016-06-23 04:30:50
1b,Measure Ten Channel Change Time,29.4372,PASS,2016-06-23 05:40:21
1b,Measure Ten Channel Change Time,23.4765,FAIL,2016-06-23 07:35:15
1b,Measure Ten Channel Change Time,28.238400000000002,PASS,2016-06-23 08:24:27
1b,Measure Ten Channel Change Time,24.4422,PASS,2016-06-23 09:29:55
1b,Measure Ten Channel Change Time,29.1708,PASS,2016-06-23 10:10:53
1b,Measure Ten Channel Change Time,25.4079,PASS,2016-06-23 11:04:20
1b,Measure Ten Channel Change Time,34.565400000000004,PASS,2016-06-23 12:24:14
1b,Measure Ten Channel Change Time,29.8701,PASS,2016-06-23 13:53:42
1b,Measure Ten Channel Change Time,16.550100000000004,FAIL,2016-06-23 15:24:27
