3.1a,Menu Launch Time,0.8325000000000001,PASS,2016-06-03 22:15:09
3.1,Menu Launch Time,1.1655000000000002,PASS,2016-06-03 22:16:41
3.2a,GuideLaunchTimeMsrmentWithoutPIP,1.5318,PASS,2016-06-03 22:18:10
4a,VOD Launch Time,6.260400000000001,PASS,2016-06-03 22:24:01
4b,VOD Launch Without Barker CH Display Time,4.828500000000001,PASS,2016-06-03 22:28:11
4c,VOD View Trailer Time,5.6943,PASS,2016-06-03 22:32:57
6c,Menu Launch And Navigation Without VOD Poster,2.0979,PASS,2016-06-03 22:37:02
1b,Measure Ten Channel Change Time,19.2474,PASS,2016-06-04 10:32:07
1b,Measure Ten Channel Change Time,20.179800000000004,PASS,2016-06-04 10:48:20
1b,Measure Ten Channel Change Time,18.581400000000002,PASS,2016-06-04 10:58:32
1b,Measure Ten Channel Change Time,22.444200000000002,PASS,2016-06-04 11:12:21
1b,Measure Ten Channel Change Time,25.141500000000008,PASS,2016-06-04 11:30:29
1b,Measure Ten Channel Change Time,23.609700000000004,PASS,2016-06-04 11:41:44
1b,Measure Ten Channel Change Time,24.642,PASS,2016-06-04 11:57:11
1b,Measure Ten Channel Change Time,23.976000000000006,PASS,2016-06-04 12:09:31
1b,Measure Ten Channel Change Time,23.3766,PASS,2016-06-04 12:21:49
1b,Measure Ten Channel Change Time,23.576400000000003,PASS,2016-06-04 12:36:08
1b,Measure Ten Channel Change Time,27.872100000000003,PASS,2016-06-04 12:47:51
1b,Measure Ten Channel Change Time,30.469500000000004,PASS,2016-06-04 13:06:46
1b,Measure Ten Channel Change Time,28.638000000000005,PASS,2016-06-04 13:26:53
1b,Measure Ten Channel Change Time,26.739900000000002,PASS,2016-06-04 13:40:35
1b,Measure Ten Channel Change Time,24.908400000000004,PASS,2016-06-04 13:55:15
1b,Measure Ten Channel Change Time,26.973000000000003,PASS,2016-06-04 14:08:27
1b,Measure Ten Channel Change Time,28.338300000000004,PASS,2016-06-04 14:28:26
1b,Measure Ten Channel Change Time,24.275700000000004,PASS,2016-06-04 14:44:11
1b,Measure Ten Channel Change Time,21.6117,PASS,2016-06-04 14:56:12
1b,Measure Ten Channel Change Time,27.705600000000004,PASS,2016-06-04 15:09:37
1b,Measure Ten Channel Change Time,29.503800000000005,PASS,2016-06-04 15:24:23
1b,Measure Ten Channel Change Time,22.311000000000003,PASS,2016-06-04 15:38:49
1b,Measure Ten Channel Change Time,21.378600000000002,PASS,2016-06-04 15:54:15
1b,Measure Ten Channel Change Time,26.973000000000003,PASS,2016-06-04 16:08:23
1b,Measure Ten Channel Change Time,27.439200000000003,PASS,2016-06-04 16:24:56
1b,Measure Ten Channel Change Time,19.680300000000003,PASS,2016-06-04 16:39:58
1b,Measure Ten Channel Change Time,23.4099,PASS,2016-06-04 16:50:17
1b,Measure Ten Channel Change Time,26.506800000000005,PASS,2016-06-04 17:04:04
1b,Measure Ten Channel Change Time,27.439200000000007,PASS,2016-06-04 17:21:16
1b,Measure Ten Channel Change Time,28.438200000000005,PASS,2016-06-04 17:38:26
1b,Measure Ten Channel Change Time,30.1698,PASS,2016-06-04 17:56:43
1b,Measure Ten Channel Change Time,26.207100000000004,PASS,2016-06-04 18:12:35
1b,Measure Ten Channel Change Time,23.2767,PASS,2016-06-04 18:29:39
1b,Measure Ten Channel Change Time,22.2444,PASS,2016-06-04 18:51:40
1b,Measure Ten Channel Change Time,23.742900000000002,PASS,2016-06-04 19:11:27
1b,Measure Ten Channel Change Time,22.877100000000002,PASS,2016-06-04 19:28:47
1b,Measure Ten Channel Change Time,27.339300000000005,PASS,2016-06-04 19:47:59
1b,Measure Ten Channel Change Time,26.473500000000005,PASS,2016-06-04 20:06:20
1b,Measure Ten Channel Change Time,26.973000000000003,PASS,2016-06-04 20:24:36
1b,Measure Ten Channel Change Time,30.402900000000002,PASS,2016-06-04 20:41:57
1b,Measure Ten Channel Change Time,27.9054,PASS,2016-06-04 21:01:37
1b,Measure Ten Channel Change Time,25.441200000000002,PASS,2016-06-04 21:18:55
1b,Measure Ten Channel Change Time,26.340300000000003,PASS,2016-06-04 21:34:12
1b,Measure Ten Channel Change Time,31.368600000000004,PASS,2016-06-04 21:52:23
1b,Measure Ten Channel Change Time,26.673300000000005,PASS,2016-06-04 22:05:29
1b,Measure Ten Channel Change Time,24.5421,PASS,2016-06-04 22:23:25
1b,Measure Ten Channel Change Time,26.273699999999998,PASS,2016-06-04 22:35:43
1b,Measure Ten Channel Change Time,25.1082,PASS,2016-06-04 22:48:47
1b,Measure Ten Channel Change Time,24.242400000000004,PASS,2016-06-04 23:04:58
1b,Measure Ten Channel Change Time,36.4635,PASS,2016-06-04 23:22:58
1b,Measure Ten Channel Change Time,24.7752,PASS,2016-06-04 23:39:55
1b,Measure Ten Channel Change Time,28.604700000000005,PASS,2016-06-04 23:56:29
1b,Measure Ten Channel Change Time,31.2687,PASS,2016-06-05 00:17:40
1b,Measure Ten Channel Change Time,28.937700000000003,PASS,2016-06-05 00:38:32
1b,Measure Ten Channel Change Time,29.8368,PASS,2016-06-05 00:55:46
1b,Measure Ten Channel Change Time,27.5391,PASS,2016-06-05 01:12:09
1b,Measure Ten Channel Change Time,29.2707,PASS,2016-06-05 01:27:26
1b,Measure Ten Channel Change Time,31.601700000000008,PASS,2016-06-05 01:43:28
1b,Measure Ten Channel Change Time,31.8015,PASS,2016-06-05 02:00:45
1b,Measure Ten Channel Change Time,30.902400000000004,PASS,2016-06-05 02:21:11
4a,VOD Launch Time,0.0,FAIL,2016-06-06 17:52:08
4a,VOD Launch Time,0.0,FAIL,2016-06-06 17:59:32
3.1a,Menu Launch Time,0.9657000000000001,PASS,2016-06-06 18:01:48
3.1a,Menu Launch Time,0.9990000000000001,PASS,2016-06-06 18:06:24
3.1a,Menu Launch Time,1.0323,PASS,2016-06-06 18:10:30
3.1a,Menu Launch Time,1.1655000000000002,PASS,2016-06-06 18:18:52
3.1,Menu Launch Time,2.5641000000000003,PASS,2016-06-06 18:21:11
3.1,Menu Launch Time,1.7982000000000002,PASS,2016-06-06 18:23:01
3.2a,GuideLaunchTimeMsrmentWithoutPIP,1.9314,PASS,2016-06-06 18:24:54
3.3,Info Launch,0.39960000000000007,PASS,2016-06-06 18:29:32
3.4,DVR Launch,1.7316,PASS,2016-06-06 18:31:06
4a,VOD Launch Time,0.0,FAIL,2016-06-06 19:12:08
4b,VOD Launch Without Barker CH Display Time,7.6923,PASS,2016-06-06 19:22:37
4c,VOD View Trailer Time,2.2311,PASS,2016-06-06 19:26:19
4a,VOD Launch Time,0.0,FAIL,2016-06-06 19:32:25
4a,VOD Launch Time,0.0,FAIL,2016-06-06 19:39:09
4a,VOD Launch Time,0.0,FAIL,2016-06-06 20:04:12
4a,VOD Launch Time,0.0,FAIL,2016-06-06 20:17:06
3.1a,Menu Launch Time,0.7992000000000001,PASS,2016-06-06 22:16:48
3.1,Menu Launch Time,1.1655000000000002,PASS,2016-06-06 22:18:11
3.2a,GuideLaunchTimeMsrmentWithoutPIP,1.3986,PASS,2016-06-06 22:19:43
4a,VOD Launch Time,5.5944,PASS,2016-06-06 22:23:57
4b,VOD Launch Without Barker CH Display Time,4.761900000000001,PASS,2016-06-06 22:29:54
4c,VOD View Trailer Time,4.828500000000001,PASS,2016-06-06 22:35:16
3.1,Menu Launch Time,1.2321000000000002,PASS,2016-06-06 22:37:38
3.2a,GuideLaunchTimeMsrmentWithoutPIP,1.5984,PASS,2016-06-06 22:41:03
3.3,Info Launch,0.39960000000000007,PASS,2016-06-06 22:45:40
3.4,DVR Launch,0.9324,PASS,2016-06-06 22:48:14
3.1a,Menu Launch Time,0.666,PASS,2016-06-07 14:54:55
3.1,Menu Launch Time,1.0989000000000002,PASS,2016-06-07 14:57:19
3.1,Menu Launch Time,1.0323,PASS,2016-06-07 14:59:46
3.2a,GuideLaunchTimeMsrmentWithoutPIP,1.6317,PASS,2016-06-07 15:03:29
3.3,Info Launch,0.49950000000000006,PASS,2016-06-07 15:07:29
3.4,DVR Launch,0.9324,PASS,2016-06-07 15:09:35
4a,VOD Launch Time,5.361300000000001,PASS,2016-06-07 15:17:58
4b,VOD Launch Without Barker CH Display Time,4.662000000000001,PASS,2016-06-07 15:26:17
4c,VOD View Trailer Time,5.2281,PASS,2016-06-07 15:33:43
3.1a,Menu Launch Time,0.5994,PASS,2016-06-07 15:42:31
3.1,Menu Launch Time,1.2321000000000002,PASS,2016-06-07 15:45:22
3.1,Menu Launch Time,1.2654,PASS,2016-06-07 15:48:00
3.2a,GuideLaunchTimeMsrmentWithoutPIP,1.4985,PASS,2016-06-07 15:51:35
3.3,Info Launch,0.46620000000000006,PASS,2016-06-07 15:57:10
3.4,DVR Launch,1.0656,PASS,2016-06-07 15:59:56
4a,VOD Launch Time,6.0939000000000005,PASS,2016-06-07 16:11:02
4b,VOD Launch Without Barker CH Display Time,5.1282000000000005,PASS,2016-06-07 16:20:26
4c,VOD View Trailer Time,5.727600000000001,PASS,2016-06-07 16:29:25
3.1a,Menu Launch Time,0.9324000000000001,PASS,2016-06-07 16:31:53
3.1,Menu Launch Time,1.1322,PASS,2016-06-07 16:34:44
3.1,Menu Launch Time,1.2987000000000002,PASS,2016-06-07 16:37:37
3.2a,GuideLaunchTimeMsrmentWithoutPIP,1.332,PASS,2016-06-07 16:40:09
3.3,Info Launch,0.5328,PASS,2016-06-07 16:46:03
3.4,DVR Launch,1.0656,PASS,2016-06-07 16:49:08
4a,VOD Launch Time,5.827500000000001,PASS,2016-06-07 16:59:56
4b,VOD Launch Without Barker CH Display Time,4.761900000000001,PASS,2016-06-07 17:10:14
4c,VOD View Trailer Time,4.828500000000001,PASS,2016-06-07 17:17:43
3.1a,Menu Launch Time,0.7326,PASS,2016-06-07 17:19:56
3.1,Menu Launch Time,1.2654,PASS,2016-06-07 17:22:51
3.1,Menu Launch Time,1.1322,PASS,2016-06-07 17:26:29
3.2a,GuideLaunchTimeMsrmentWithoutPIP,1.3986,PASS,2016-06-07 17:30:27
3.3,Info Launch,0.5661,PASS,2016-06-07 17:41:20
3.4,DVR Launch,0.9657,PASS,2016-06-07 17:43:49
4a,VOD Launch Time,5.6943,PASS,2016-06-07 17:55:17
4b,VOD Launch Without Barker CH Display Time,5.294700000000001,PASS,2016-06-07 18:05:03
4c,VOD View Trailer Time,5.794200000000001,PASS,2016-06-07 18:13:44
3.1a,Menu Launch Time,0.8658000000000001,PASS,2016-06-07 18:16:20
3.1,Menu Launch Time,1.1322,PASS,2016-06-07 18:18:53
3.1,Menu Launch Time,1.2654,PASS,2016-06-07 18:21:46
3.2a,GuideLaunchTimeMsrmentWithoutPIP,1.3986,PASS,2016-06-07 18:24:52
3.3,Info Launch,0.49950000000000006,PASS,2016-06-07 18:29:20
3.4,DVR Launch,0.999,PASS,2016-06-07 18:32:04
4a,VOD Launch Time,6.1272,PASS,2016-06-07 18:43:53
4b,VOD Launch Without Barker CH Display Time,4.7286,PASS,2016-06-07 18:51:50
4c,VOD View Trailer Time,4.7952,PASS,2016-06-07 19:04:20
3.1a,Menu Launch Time,0.7326,PASS,2016-06-07 19:07:09
3.1,Menu Launch Time,1.1988,PASS,2016-06-07 19:10:51
3.1,Menu Launch Time,1.332,PASS,2016-06-07 19:14:17
3.2a,GuideLaunchTimeMsrmentWithoutPIP,1.332,PASS,2016-06-07 19:16:59
3.3,Info Launch,0.49950000000000006,PASS,2016-06-07 19:25:27
3.4,DVR Launch,0.9324,PASS,2016-06-07 19:28:13
4a,VOD Launch Time,6.526800000000001,PASS,2016-06-07 19:43:42
4b,VOD Launch Without Barker CH Display Time,5.1615,PASS,2016-06-07 19:56:07
4c,VOD View Trailer Time,4.7952,PASS,2016-06-07 20:03:12
3.1a,Menu Launch Time,0.6993,PASS,2016-06-07 20:04:56
3.1,Menu Launch Time,1.4319000000000002,PASS,2016-06-07 20:07:45
3.1,Menu Launch Time,1.2321000000000002,PASS,2016-06-07 20:10:32
3.2a,GuideLaunchTimeMsrmentWithoutPIP,1.3986,PASS,2016-06-07 20:13:23
3.3,Info Launch,0.5661,PASS,2016-06-07 20:17:09
3.4,DVR Launch,1.0323,PASS,2016-06-07 20:19:49
4a,VOD Launch Time,6.1938,PASS,2016-06-07 20:32:48
4b,VOD Launch Without Barker CH Display Time,5.461200000000001,PASS,2016-06-07 20:42:34
4c,VOD View Trailer Time,5.794200000000001,PASS,2016-06-07 20:51:30
3.1a,Menu Launch Time,0.7326,PASS,2016-06-07 20:54:00
3.1,Menu Launch Time,1.2321000000000002,PASS,2016-06-07 20:56:48
3.1,Menu Launch Time,1.1988,PASS,2016-06-07 20:59:28
3.2a,GuideLaunchTimeMsrmentWithoutPIP,1.3653,PASS,2016-06-07 21:01:59
3.3,Info Launch,0.49950000000000006,PASS,2016-06-07 21:06:26
3.4,DVR Launch,1.0989,PASS,2016-06-07 21:09:18
4a,VOD Launch Time,6.393600000000001,PASS,2016-06-07 21:22:41
4b,VOD Launch Without Barker CH Display Time,5.8608,PASS,2016-06-07 21:32:15
4c,VOD View Trailer Time,5.6943,PASS,2016-06-07 21:40:28
3.1a,Menu Launch Time,0.9990000000000001,PASS,2016-06-07 21:43:28
3.1,Menu Launch Time,1.1655000000000002,PASS,2016-06-07 21:46:24
3.1,Menu Launch Time,1.2321000000000002,PASS,2016-06-07 21:49:00
3.2a,GuideLaunchTimeMsrmentWithoutPIP,1.4652,PASS,2016-06-07 21:51:52
3.3,Info Launch,0.5994,PASS,2016-06-07 21:56:26
3.4,DVR Launch,0.8991,PASS,2016-06-07 21:58:37
4a,VOD Launch Time,6.426900000000001,PASS,2016-06-07 22:10:07
3.1a,Menu Launch Time,0.8991000000000001,PASS,2016-06-07 22:12:53
3.1,Menu Launch Time,1.4652,PASS,2016-06-07 22:16:00
3.1,Menu Launch Time,1.3653000000000002,PASS,2016-06-07 22:18:39
3.2a,GuideLaunchTimeMsrmentWithoutPIP,1.3986,PASS,2016-06-07 22:21:56
3.3,Info Launch,0.6327,PASS,2016-06-07 22:26:34
3.4,DVR Launch,1.0656,PASS,2016-06-07 22:28:50
4b,VOD Launch Without Barker CH Display Time,5.960700000000001,PASS,2016-06-07 22:39:34
4c,VOD View Trailer Time,5.6610000000000005,PASS,2016-06-07 22:48:44
3.1a,Menu Launch Time,0.7659,PASS,2016-06-07 22:50:52
3.1,Menu Launch Time,1.2321000000000002,PASS,2016-06-07 22:53:39
3.1,Menu Launch Time,1.3653000000000002,PASS,2016-06-07 22:56:17
3.2a,GuideLaunchTimeMsrmentWithoutPIP,1.4319,PASS,2016-06-07 22:59:11
3.3,Info Launch,0.2664,PASS,2016-06-07 23:03:26
3.4,DVR Launch,1.1322,PASS,2016-06-07 23:06:23
4a,VOD Launch Time,6.859800000000001,PASS,2016-06-07 23:20:41
4b,VOD Launch Without Barker CH Display Time,5.994000000000001,PASS,2016-06-07 23:31:54
4c,VOD View Trailer Time,4.761900000000001,PASS,2016-06-07 23:39:59
3.1a,Menu Launch Time,1.0323,PASS,2016-06-07 23:42:20
3.1,Menu Launch Time,1.5651000000000002,PASS,2016-06-07 23:45:35
3.1,Menu Launch Time,1.4319000000000002,PASS,2016-06-07 23:48:27
3.2a,GuideLaunchTimeMsrmentWithoutPIP,1.3986,PASS,2016-06-07 23:51:13
3.3,Info Launch,0.5328,PASS,2016-06-07 23:56:21
3.4,DVR Launch,1.1655,PASS,2016-06-07 23:59:58
4a,VOD Launch Time,7.0596000000000005,PASS,2016-06-08 00:15:02
4b,VOD Launch Without Barker CH Display Time,5.2614,PASS,2016-06-08 00:23:48
4c,VOD View Trailer Time,4.928400000000001,PASS,2016-06-08 00:32:22
3.1a,Menu Launch Time,0.7659,PASS,2016-06-08 00:34:18
3.1,Menu Launch Time,1.2654,PASS,2016-06-08 00:37:00
3.1,Menu Launch Time,1.332,PASS,2016-06-08 00:39:46
3.2a,GuideLaunchTimeMsrmentWithoutPIP,1.4985,PASS,2016-06-08 00:42:42
3.2,Guide Launch,0,FAIL,2016-06-08 00:49:57
3.3,Info Launch,0.5661,PASS,2016-06-08 00:51:56
3.4,DVR Launch,1.332,PASS,2016-06-08 00:55:27
4a,VOD Launch Time,6.8265,PASS,2016-06-08 01:10:01
4b,VOD Launch Without Barker CH Display Time,5.361300000000001,PASS,2016-06-08 01:19:08
4c,VOD View Trailer Time,4.8951,PASS,2016-06-08 01:26:23
3.1a,Menu Launch Time,0.7326,PASS,2016-06-08 01:28:32
3.1,Menu Launch Time,1.4319000000000002,PASS,2016-06-08 01:31:25
3.1,Menu Launch Time,1.4985000000000002,PASS,2016-06-08 01:34:13
3.2a,GuideLaunchTimeMsrmentWithoutPIP,1.4985,PASS,2016-06-08 01:37:46
3.3,Info Launch,0.5661,PASS,2016-06-08 01:45:57
3.4,DVR Launch,1.2321,PASS,2016-06-08 01:48:55
4a,VOD Launch Time,6.859800000000001,PASS,2016-06-08 02:01:34
4b,VOD Launch Without Barker CH Display Time,5.328,PASS,2016-06-08 02:10:29
4c,VOD View Trailer Time,4.761900000000001,PASS,2016-06-08 02:18:07
3.1a,Menu Launch Time,0.9324000000000001,PASS,2016-06-08 02:20:29
3.1,Menu Launch Time,1.4319000000000002,PASS,2016-06-08 02:23:02
3.1,Menu Launch Time,1.4652,PASS,2016-06-08 02:26:01
3.2a,GuideLaunchTimeMsrmentWithoutPIP,1.4985,PASS,2016-06-08 02:29:38
3.3,Info Launch,0.5328,PASS,2016-06-08 02:35:30
3.4,DVR Launch,1.1322,PASS,2016-06-08 02:38:25
4a,VOD Launch Time,6.926400000000001,PASS,2016-06-08 02:51:56
4b,VOD Launch Without Barker CH Display Time,5.8608,PASS,2016-06-08 03:01:46
4c,VOD View Trailer Time,6.060600000000001,PASS,2016-06-08 03:11:20
3.1a,Menu Launch Time,0.7992000000000001,PASS,2016-06-08 03:13:27
3.1,Menu Launch Time,1.5318,PASS,2016-06-08 03:16:08
3.1,Menu Launch Time,1.4319000000000002,PASS,2016-06-08 03:19:31
3.2a,GuideLaunchTimeMsrmentWithoutPIP,1.7316,PASS,2016-06-08 03:23:32
3.3,Info Launch,0.6327,PASS,2016-06-08 03:29:09
3.4,DVR Launch,1.1655,PASS,2016-06-08 03:31:56
4a,VOD Launch Time,7.192800000000001,PASS,2016-06-08 03:44:57
4b,VOD Launch Without Barker CH Display Time,5.827500000000001,PASS,2016-06-08 03:54:41
4c,VOD View Trailer Time,6.160500000000001,PASS,2016-06-08 04:03:22
3.1a,Menu Launch Time,0.7659,PASS,2016-06-08 04:05:39
3.1,Menu Launch Time,1.6650000000000003,PASS,2016-06-08 04:09:09
3.1,Menu Launch Time,1.5318,PASS,2016-06-08 04:12:08
3.2a,GuideLaunchTimeMsrmentWithoutPIP,0,FAIL,2016-06-08 04:22:20
3.2,Guide Launch,0,FAIL,2016-06-08 04:32:49
3.3,Info Launch,0.6993,PASS,2016-06-08 04:35:04
3.4,DVR Launch,1.1988,PASS,2016-06-08 04:37:46
4a,VOD Launch Time,6.859800000000001,PASS,2016-06-08 04:50:34
4b,VOD Launch Without Barker CH Display Time,6.160500000000001,PASS,2016-06-08 05:01:05
4c,VOD View Trailer Time,4.928400000000001,PASS,2016-06-08 05:08:10
3.1a,Menu Launch Time,1.0323,PASS,2016-06-08 05:10:36
3.1,Menu Launch Time,1.5318,PASS,2016-06-08 05:13:28
3.1,Menu Launch Time,1.3986,PASS,2016-06-08 05:16:27
3.2a,GuideLaunchTimeMsrmentWithoutPIP,1.5984,PASS,2016-06-08 05:20:04
3.3,Info Launch,0.39960000000000007,PASS,2016-06-08 05:26:34
3.4,DVR Launch,1.1322,PASS,2016-06-08 05:29:23
4a,VOD Launch Time,6.993,PASS,2016-06-08 05:41:31
4b,VOD Launch Without Barker CH Display Time,6.1938,PASS,2016-06-08 05:53:10
4c,VOD View Trailer Time,4.928400000000001,PASS,2016-06-08 06:00:02
3.1a,Menu Launch Time,0.8325000000000001,PASS,2016-06-08 06:02:27
3.1,Menu Launch Time,1.4985000000000002,PASS,2016-06-08 06:05:27
3.1,Menu Launch Time,1.4652,PASS,2016-06-08 06:08:24
3.2a,GuideLaunchTimeMsrmentWithoutPIP,1.6317,PASS,2016-06-08 06:12:27
3.3,Info Launch,0.7659,PASS,2016-06-08 06:20:06
3.4,DVR Launch,1.4652,PASS,2016-06-08 06:23:23
4a,VOD Launch Time,7.3260000000000005,PASS,2016-06-08 06:36:34
4b,VOD Launch Without Barker CH Display Time,5.6943,PASS,2016-06-08 06:48:37
4c,VOD View Trailer Time,4.9617,PASS,2016-06-08 06:55:56
3.1a,Menu Launch Time,0.9990000000000001,PASS,2016-06-08 06:58:18
3.1,Menu Launch Time,1.4985000000000002,PASS,2016-06-08 07:01:09
3.1,Menu Launch Time,1.5318,PASS,2016-06-08 07:04:44
3.2a,GuideLaunchTimeMsrmentWithoutPIP,1.6317,PASS,2016-06-08 07:08:37
3.3,Info Launch,0.5994,PASS,2016-06-08 07:14:54
3.4,DVR Launch,1.3653,PASS,2016-06-08 07:17:52
4a,VOD Launch Time,7.3260000000000005,PASS,2016-06-08 07:30:13
4b,VOD Launch Without Barker CH Display Time,5.3946000000000005,PASS,2016-06-08 07:40:27
4c,VOD View Trailer Time,4.861800000000001,PASS,2016-06-08 07:47:30
3.1a,Menu Launch Time,0.9657000000000001,PASS,2016-06-08 07:50:14
3.1,Menu Launch Time,1.4319000000000002,PASS,2016-06-08 07:53:09
3.1,Menu Launch Time,1.4319000000000002,PASS,2016-06-08 07:56:24
3.2a,GuideLaunchTimeMsrmentWithoutPIP,1.665,PASS,2016-06-08 08:00:22
3.3,Info Launch,0.8325000000000001,PASS,2016-06-08 08:07:06
3.4,DVR Launch,1.1655,PASS,2016-06-08 08:09:28
4a,VOD Launch Time,7.092900000000001,PASS,2016-06-08 08:23:03
4b,VOD Launch Without Barker CH Display Time,6.160500000000001,PASS,2016-06-08 08:34:45
4c,VOD View Trailer Time,4.9617,PASS,2016-06-08 08:41:13
3.1a,Menu Launch Time,1.0989000000000002,PASS,2016-06-08 08:44:28
3.1,Menu Launch Time,1.1322,PASS,2016-06-08 08:46:47
3.1,Menu Launch Time,1.5984000000000003,PASS,2016-06-08 08:49:51
3.2a,GuideLaunchTimeMsrmentWithoutPIP,1.6317,PASS,2016-06-08 08:53:09
3.3,Info Launch,0.666,PASS,2016-06-08 08:58:03
3.4,DVR Launch,1.2321,PASS,2016-06-08 09:00:23
4a,VOD Launch Time,6.926400000000001,PASS,2016-06-08 09:12:18
4b,VOD Launch Without Barker CH Display Time,5.727600000000001,PASS,2016-06-08 09:23:13
4c,VOD View Trailer Time,5.1282000000000005,PASS,2016-06-08 09:30:36
3.1a,Menu Launch Time,1.0656,PASS,2016-06-08 09:33:31
3.1,Menu Launch Time,1.6650000000000003,PASS,2016-06-08 09:37:03
3.1,Menu Launch Time,1.6650000000000003,PASS,2016-06-08 09:40:25
3.2a,GuideLaunchTimeMsrmentWithoutPIP,1.5318,PASS,2016-06-08 09:43:39
3.3,Info Launch,0.666,PASS,2016-06-08 09:50:17
3.4,DVR Launch,1.2321,PASS,2016-06-08 09:52:55
4a,VOD Launch Time,6.793200000000001,PASS,2016-06-08 10:07:29
4b,VOD Launch Without Barker CH Display Time,6.160500000000001,PASS,2016-06-08 10:19:18
4c,VOD View Trailer Time,5.2614,PASS,2016-06-08 10:27:05
3.1a,Menu Launch Time,1.2321000000000002,PASS,2016-06-08 10:30:05
3.1,Menu Launch Time,1.5651000000000002,PASS,2016-06-08 10:32:59
3.1,Menu Launch Time,1.6650000000000003,PASS,2016-06-08 10:36:02
3.2a,GuideLaunchTimeMsrmentWithoutPIP,1.3653,PASS,2016-06-08 10:38:56
3.3,Info Launch,0.6327,PASS,2016-06-08 10:44:53
3.4,DVR Launch,1.2654,PASS,2016-06-08 10:48:20
4b,VOD Launch Without Barker CH Display Time,7.1595,PASS,2016-06-08 11:15:40
4c,VOD View Trailer Time,5.2281,PASS,2016-06-08 11:23:12
3.1a,Menu Launch Time,1.1655000000000002,PASS,2016-06-08 11:26:25
3.1,Menu Launch Time,1.7982000000000002,PASS,2016-06-08 11:29:50
3.1,Menu Launch Time,1.8315000000000001,PASS,2016-06-08 11:33:18
3.2a,GuideLaunchTimeMsrmentWithoutPIP,1.665,PASS,2016-06-08 11:36:53
3.3,Info Launch,0.666,PASS,2016-06-08 11:42:14
3.4,DVR Launch,1.332,PASS,2016-06-08 11:45:14
4b,VOD Launch Without Barker CH Display Time,6.393600000000001,PASS,2016-06-08 12:12:46
4c,VOD View Trailer Time,5.3946000000000005,PASS,2016-06-08 12:20:19
3.1a,Menu Launch Time,1.1322,PASS,2016-06-08 12:23:40
3.1,Menu Launch Time,1.6650000000000003,PASS,2016-06-08 12:27:29
3.1,Menu Launch Time,1.6317000000000002,PASS,2016-06-08 12:30:49
3.2a,GuideLaunchTimeMsrmentWithoutPIP,1.7982,PASS,2016-06-08 12:34:58
3.3,Info Launch,0.7326,PASS,2016-06-08 12:43:01
3.4,DVR Launch,1.3986,PASS,2016-06-08 12:45:48
4a,VOD Launch Time,7.0596000000000005,PASS,2016-06-08 12:57:43
4b,VOD Launch Without Barker CH Display Time,6.1272,PASS,2016-06-08 13:08:13
4c,VOD View Trailer Time,5.094900000000001,PASS,2016-06-08 13:14:41
3.1a,Menu Launch Time,0.8325000000000001,PASS,2016-06-08 13:17:27
3.1,Menu Launch Time,2.0979,PASS,2016-06-08 13:21:31
3.1,Menu Launch Time,1.6650000000000003,PASS,2016-06-08 13:24:46
3.2a,GuideLaunchTimeMsrmentWithoutPIP,1.9314,PASS,2016-06-08 13:28:17
3.3,Info Launch,0.6993,PASS,2016-06-08 13:35:48
3.4,DVR Launch,1.5318,PASS,2016-06-08 13:38:46
4b,VOD Launch Without Barker CH Display Time,6.1938,PASS,2016-06-08 14:01:29
4c,VOD View Trailer Time,0.7992000000000001,PASS,2016-06-08 14:03:48
3.1a,Menu Launch Time,0.9324000000000001,PASS,2016-06-08 14:06:31
3.1,Menu Launch Time,1.8315000000000001,PASS,2016-06-08 14:09:54
3.1,Menu Launch Time,1.6983000000000001,PASS,2016-06-08 14:13:32
3.2a,GuideLaunchTimeMsrmentWithoutPIP,1.7316,PASS,2016-06-08 14:16:52
3.3,Info Launch,0.8658000000000001,PASS,2016-06-08 14:22:02
3.4,DVR Launch,1.5984,PASS,2016-06-08 14:25:03
4a,VOD Launch Time,0.0,FAIL,2016-06-08 14:36:27
4b,VOD Launch Without Barker CH Display Time,6.4602,PASS,2016-06-08 14:45:00
4c,VOD View Trailer Time,5.194800000000001,PASS,2016-06-08 14:50:03
3.1a,Menu Launch Time,0.8325000000000001,PASS,2016-06-08 14:53:29
3.1,Menu Launch Time,1.6650000000000003,PASS,2016-06-08 14:56:34
3.1,Menu Launch Time,1.7649000000000001,PASS,2016-06-08 14:59:58
3.2a,GuideLaunchTimeMsrmentWithoutPIP,2.1978,PASS,2016-06-08 15:04:49
3.3,Info Launch,0.666,PASS,2016-06-08 15:09:04
3.4,DVR Launch,1.6983,PASS,2016-06-08 15:12:25
4a,VOD Launch Time,6.926400000000001,PASS,2016-06-08 15:21:59
4b,VOD Launch Without Barker CH Display Time,5.9274000000000004,PASS,2016-06-08 15:29:37
1b,Measure Ten Channel Change Time,24.309,PASS,2016-06-08 16:16:15
1b,Measure Ten Channel Change Time,27.239400000000007,PASS,2016-06-08 23:29:48
1b,Measure Ten Channel Change Time,27.7389,PASS,2016-06-08 23:38:26
1b,Measure Ten Channel Change Time,25.974,PASS,2016-06-08 23:48:28
1b,Measure Ten Channel Change Time,28.9377,PASS,2016-06-09 00:00:24
1b,Measure Ten Channel Change Time,34.29900000000001,PASS,2016-06-09 00:10:33
1b,Measure Ten Channel Change Time,33.4665,PASS,2016-06-09 00:21:04
1b,Measure Ten Channel Change Time,30.103199999999998,PASS,2016-06-09 00:33:16
1b,Measure Ten Channel Change Time,30.2364,PASS,2016-06-09 00:48:12
1b,Measure Ten Channel Change Time,33.300000000000004,PASS,2016-06-09 01:01:02
1b,Measure Ten Channel Change Time,30.136499999999998,PASS,2016-06-09 01:20:23
1b,Measure Ten Channel Change Time,30.669300000000007,PASS,2016-06-09 01:38:01
1b,Measure Ten Channel Change Time,31.302,PASS,2016-06-09 01:50:32
1b,Measure Ten Channel Change Time,32.0679,PASS,2016-06-09 02:02:36
1b,Measure Ten Channel Change Time,25.308000000000003,PASS,2016-06-09 02:15:43
1b,Measure Ten Channel Change Time,33.2001,PASS,2016-06-09 02:27:08
1b,Measure Ten Channel Change Time,28.538100000000004,PASS,2016-06-09 02:36:38
1b,Measure Ten Channel Change Time,26.973000000000006,PASS,2016-06-09 02:48:24
1b,Measure Ten Channel Change Time,29.7702,PASS,2016-06-09 02:58:02
1b,Measure Ten Channel Change Time,34.29900000000001,PASS,2016-06-09 03:14:41
1b,Measure Ten Channel Change Time,29.337300000000003,PASS,2016-06-09 03:22:58
1b,Measure Ten Channel Change Time,30.869100000000003,PASS,2016-06-09 03:32:54
1b,Measure Ten Channel Change Time,34.7652,PASS,2016-06-09 03:43:41
1b,Measure Ten Channel Change Time,33.766200000000005,PASS,2016-06-09 04:00:33
1b,Measure Ten Channel Change Time,25.241400000000002,PASS,2016-06-09 04:10:39
1b,Measure Ten Channel Change Time,29.836800000000004,PASS,2016-06-09 04:21:36
1b,Measure Ten Channel Change Time,28.005300000000002,PASS,2016-06-09 04:44:11
1b,Measure Ten Channel Change Time,28.038600000000002,PASS,2016-06-09 04:56:11
1b,Measure Ten Channel Change Time,30.069900000000004,PASS,2016-06-09 05:08:28
3.2a,GuideLaunchTimeMsrmentWithoutPIP,3.2634,PASS,2016-06-13 15:55:00
3.3,Info Launch,1.1322,PASS,2016-06-13 15:59:30
4a,VOD Launch Time,0.0,FAIL,2016-06-13 16:06:23
4a,VOD Launch Time,0.0,FAIL,2016-06-13 16:20:31
3.3,Info Launch,1.2321000000000002,PASS,2016-06-13 16:27:11
1b,Measure Ten Channel Change Time,36.130500000000005,PASS,2016-06-13 17:15:47
3.2a,GuideLaunchTimeMsrmentWithoutPIP,2.7972,PASS,2016-06-13 17:22:33
3.4,DVR Launch,2.5641,PASS,2016-06-13 17:28:34
4a,VOD Launch Time,0.0,FAIL,2016-06-13 17:34:13
4b,VOD Launch Without Barker CH Display Time,0.0,FAIL,2016-06-13 17:39:16
4c,VOD View Trailer Time,0.0,FAIL,2016-06-13 17:43:39
4b,VOD Launch Without Barker CH Display Time,0.0,FAIL,2016-06-13 17:48:56
1b,Measure Ten Channel Change Time,36.8964,PASS,2016-06-13 18:54:05
3.1a,Menu Launch Time,2.5641000000000003,PASS,2016-06-13 18:58:03
3.2a,GuideLaunchTimeMsrmentWithoutPIP,3.3633,PASS,2016-06-13 19:04:01
3.4,DVR Launch,3.0969,PASS,2016-06-13 19:10:26
4a,VOD Launch Time,0.0,FAIL,2016-06-13 19:29:43
4b,VOD Launch Without Barker CH Display Time,0.0,FAIL,2016-06-13 19:42:49
4c,VOD View Trailer Time,1.6983000000000001,PASS,2016-06-13 19:47:18
4b,VOD Launch Without Barker CH Display Time,0.0,PASS,2016-06-13 19:48:18
3.2a,GuideLaunchTimeMsrmentWithoutPIP,0,FAIL,2016-06-13 20:21:17
3.3,Info Launch,1.2654,PASS,2016-06-13 20:24:15
3.4,DVR Launch,3.0303,PASS,2016-06-13 20:30:43
4a,VOD Launch Time,0.0,FAIL,2016-06-13 20:49:29
4b,VOD Launch Without Barker CH Display Time,0.0,PASS,2016-06-13 20:53:43
4b,VOD Launch Without Barker CH Display Time,0.0,FAIL,2016-06-13 21:11:09
1b,Measure Ten Channel Change Time,30.735900000000004,PASS,2016-06-13 22:10:20
1b,Measure Ten Channel Change Time,39.926700000000004,PASS,2016-06-13 23:24:46
3.1a,Menu Launch Time,0.0,FAIL,2016-06-13 23:34:32
3.2a,GuideLaunchTimeMsrmentWithoutPIP,3.2634,PASS,2016-06-13 23:40:47
3.3,Info Launch,0.0,PASS,2016-06-13 23:50:26
3.4,DVR Launch,2.4309,PASS,2016-06-13 23:54:47
4a,VOD Launch Time,0.0,FAIL,2016-06-14 00:06:55
4b,VOD Launch Without Barker CH Display Time,0.0,FAIL,2016-06-14 00:20:21
4c,VOD View Trailer Time,4.4622,PASS,2016-06-14 00:28:15
4b,VOD Launch Without Barker CH Display Time,0.0,FAIL,2016-06-14 00:41:33
1b,Measure Ten Channel Change Time,34.0659,PASS,2016-06-14 01:36:22
3.2a,GuideLaunchTimeMsrmentWithoutPIP,0,FAIL,2016-06-14 01:49:10
3.3,Info Launch,1.4319000000000002,PASS,2016-06-14 01:52:16
3.4,DVR Launch,2.7972,PASS,2016-06-14 01:57:12
4a,VOD Launch Time,0.0,FAIL,2016-06-14 02:12:04
4b,VOD Launch Without Barker CH Display Time,0.0,FAIL,2016-06-14 02:25:34
4c,VOD View Trailer Time,0.0,FAIL,2016-06-14 02:36:29
4b,VOD Launch Without Barker CH Display Time,0.0,FAIL,2016-06-14 02:50:15
1b,Measure Ten Channel Change Time,37.76220000000001,PASS,2016-06-14 04:03:56
3.1a,Menu Launch Time,1.3653000000000002,PASS,2016-06-14 04:06:41
3.2a,GuideLaunchTimeMsrmentWithoutPIP,0,FAIL,2016-06-14 04:16:43
3.3,Info Launch,1.4319000000000002,PASS,2016-06-14 04:20:09
3.4,DVR Launch,2.4309,PASS,2016-06-14 04:25:17
4a,VOD Launch Time,0.0,FAIL,2016-06-14 04:37:53
4b,VOD Launch Without Barker CH Display Time,0.0,FAIL,2016-06-14 04:50:09
4c,VOD View Trailer Time,1.9314000000000002,PASS,2016-06-14 04:54:57
4b,VOD Launch Without Barker CH Display Time,0.0,FAIL,2016-06-14 05:09:34
1b,Measure Ten Channel Change Time,40.925700000000006,PASS,2016-06-14 06:17:24
3.1a,Menu Launch Time,1.6650000000000003,PASS,2016-06-14 06:20:50
3.2a,GuideLaunchTimeMsrmentWithoutPIP,3.33,PASS,2016-06-14 06:27:05
3.3,Info Launch,0.0,PASS,2016-06-14 06:37:29
3.4,DVR Launch,2.4975,PASS,2016-06-14 06:42:07
4a,VOD Launch Time,0.0,FAIL,2016-06-14 06:55:20
4b,VOD Launch Without Barker CH Display Time,0.0,FAIL,2016-06-14 07:08:21
4c,VOD View Trailer Time,0.3663,PASS,2016-06-14 07:10:21
4b,VOD Launch Without Barker CH Display Time,0.0,FAIL,2016-06-14 07:24:11
1b,Measure Ten Channel Change Time,38.5281,PASS,2016-06-14 08:34:29
3.1a,Menu Launch Time,0.0,FAIL,2016-06-14 08:44:23
3.2a,GuideLaunchTimeMsrmentWithoutPIP,2.997,PASS,2016-06-14 08:49:33
3.3,Info Launch,1.1988,PASS,2016-06-14 08:52:33
3.4,DVR Launch,3.33,PASS,2016-06-14 08:58:19
4a,VOD Launch Time,0.0,FAIL,2016-06-14 09:12:06
4b,VOD Launch Without Barker CH Display Time,0.0,FAIL,2016-06-14 09:26:15
4c,VOD View Trailer Time,0.0,FAIL,2016-06-14 09:37:17
4b,VOD Launch Without Barker CH Display Time,0.0,FAIL,2016-06-14 09:51:04
1b,Measure Ten Channel Change Time,41.5917,PASS,2016-06-14 10:58:38
3.1a,Menu Launch Time,0.0,FAIL,2016-06-14 11:08:59
3.2a,GuideLaunchTimeMsrmentWithoutPIP,0,FAIL,2016-06-14 11:18:26
3.4,DVR Launch,2.4309,PASS,2016-06-14 11:24:21
4a,VOD Launch Time,0.0,FAIL,2016-06-14 11:37:37
4b,VOD Launch Without Barker CH Display Time,0.0,FAIL,2016-06-14 11:51:21
4c,VOD View Trailer Time,2.8638000000000003,PASS,2016-06-14 11:57:11
4b,VOD Launch Without Barker CH Display Time,0.0,FAIL,2016-06-14 12:12:56
1b,Measure Ten Channel Change Time,34.465500000000006,PASS,2016-06-14 13:16:44
3.1a,Menu Launch Time,2.3976,PASS,2016-06-14 13:21:19
3.2a,GuideLaunchTimeMsrmentWithoutPIP,2.8305,PASS,2016-06-14 13:26:21
3.3,Info Launch,1.332,PASS,2016-06-14 13:30:08
3.4,DVR Launch,2.4975,PASS,2016-06-14 13:34:34
4a,VOD Launch Time,0.0,FAIL,2016-06-14 13:47:07
4b,VOD Launch Without Barker CH Display Time,0.0,FAIL,2016-06-14 14:03:23
4c,VOD View Trailer Time,3.5964000000000005,PASS,2016-06-14 14:10:39
4b,VOD Launch Without Barker CH Display Time,0.0,FAIL,2016-06-14 14:24:22
1b,Measure Ten Channel Change Time,38.3949,PASS,2016-06-14 15:22:32
3.1a,Menu Launch Time,0.0,FAIL,2016-06-14 15:35:30
3.2a,GuideLaunchTimeMsrmentWithoutPIP,3.7629,PASS,2016-06-14 15:43:14
3.4,DVR Launch,2.4975,PASS,2016-06-14 15:49:43
4a,VOD Launch Time,0.0,FAIL,2016-06-14 16:03:53
4b,VOD Launch Without Barker CH Display Time,0.0,FAIL,2016-06-14 16:17:16
4c,VOD View Trailer Time,0.0,FAIL,2016-06-14 16:27:57
3.1a,Menu Launch Time,2.3643,PASS,2016-06-14 16:44:00
3.2a,GuideLaunchTimeMsrmentWithoutPIP,3.6297,PASS,2016-06-14 16:50:29
3.3,Info Launch,0.0,PASS,2016-06-14 16:59:49
3.4,DVR Launch,3.7962,PASS,2016-06-14 17:05:57
4a,VOD Launch Time,0.0,FAIL,2016-06-14 17:20:05
4b,VOD Launch Without Barker CH Display Time,0.0,FAIL,2016-06-14 17:35:46
4c,VOD View Trailer Time,4.0293,PASS,2016-06-14 17:44:14
4b,VOD Launch Without Barker CH Display Time,0.0,FAIL,2016-06-14 17:56:27
1b,Measure Ten Channel Change Time,39.626999999999995,PASS,2016-06-14 19:13:48
3.1a,Menu Launch Time,1.5318,PASS,2016-06-14 19:17:37
3.2a,GuideLaunchTimeMsrmentWithoutPIP,2.9637,PASS,2016-06-14 19:23:16
3.3,Info Launch,0.0,PASS,2016-06-14 19:33:21
4a,VOD Launch Time,0.0,FAIL,2016-06-14 19:49:16
4b,VOD Launch Without Barker CH Display Time,0.0,FAIL,2016-06-14 20:02:51
4c,VOD View Trailer Time,0.0,FAIL,2016-06-14 20:12:33
4a,VOD Launch Time,0.0,FAIL,2016-06-14 20:26:26
4b,VOD Launch Without Barker CH Display Time,0.0,FAIL,2016-06-14 20:40:16
1b,Measure Ten Channel Change Time,35.098200000000006,PASS,2016-06-14 21:56:52
3.1a,Menu Launch Time,2.0646,PASS,2016-06-14 22:01:05
3.2a,GuideLaunchTimeMsrmentWithoutPIP,2.9637,PASS,2016-06-14 22:07:30
3.3,Info Launch,1.8981000000000001,PASS,2016-06-14 22:11:43
3.4,DVR Launch,3.2634,PASS,2016-06-14 22:17:50
4a,VOD Launch Time,0.0,FAIL,2016-06-14 22:31:08
4b,VOD Launch Without Barker CH Display Time,0.0,FAIL,2016-06-14 22:45:50
4c,VOD View Trailer Time,1.4319000000000002,PASS,2016-06-14 22:49:30
4b,VOD Launch Without Barker CH Display Time,0.0,FAIL,2016-06-14 23:02:17
4a,VOD Launch Time,0.0,FAIL,2016-06-14 23:14:59
4b,VOD Launch Without Barker CH Display Time,0.0,FAIL,2016-06-14 23:28:25
1b,Measure Ten Channel Change Time,34.632000000000005,FAIL,2016-06-15 00:53:14
3.1a,Menu Launch Time,0.0,FAIL,2016-06-15 01:03:13
3.2a,GuideLaunchTimeMsrmentWithoutPIP,3.4965,PASS,2016-06-15 01:08:50
3.4,DVR Launch,0.0,FAIL,2016-06-15 01:27:16
4a,VOD Launch Time,0.0,FAIL,2016-06-15 01:41:23
4b,VOD Launch Without Barker CH Display Time,0.0,FAIL,2016-06-15 01:55:48
4c,VOD View Trailer Time,0.0,FAIL,2016-06-15 02:07:11
4b,VOD Launch Without Barker CH Display Time,0.0,FAIL,2016-06-15 02:20:28
4a,VOD Launch Time,0.0,FAIL,2016-06-15 02:35:01
4b,VOD Launch Without Barker CH Display Time,0.0,FAIL,2016-06-15 02:47:59
1b,Measure Ten Channel Change Time,41.025600000000004,PASS,2016-06-15 03:56:11
3.1a,Menu Launch Time,1.8315000000000001,PASS,2016-06-15 03:59:52
3.2a,GuideLaunchTimeMsrmentWithoutPIP,0,FAIL,2016-06-15 04:10:21
3.3,Info Launch,1.3653000000000002,PASS,2016-06-15 04:13:48
3.4,DVR Launch,3.2301,PASS,2016-06-15 04:19:51
4a,VOD Launch Time,0.0,FAIL,2016-06-15 04:33:36
4b,VOD Launch Without Barker CH Display Time,0.0,FAIL,2016-06-15 04:47:26
4c,VOD View Trailer Time,0.0,FAIL,2016-06-15 04:58:07
4b,VOD Launch Without Barker CH Display Time,0.0,PASS,2016-06-15 04:58:58
4a,VOD Launch Time,0.0,FAIL,2016-06-15 05:11:58
4b,VOD Launch Without Barker CH Display Time,0.0,FAIL,2016-06-15 05:25:35
1b,Measure Ten Channel Change Time,37.262699999999995,PASS,2016-06-15 06:43:47
3.3,Info Launch,1.4319000000000002,PASS,2016-06-15 07:02:38
3.4,DVR Launch,3.3633,PASS,2016-06-15 07:08:06
4a,VOD Launch Time,0.0,FAIL,2016-06-15 07:25:32
4b,VOD Launch Without Barker CH Display Time,0.0,FAIL,2016-06-15 07:39:29
4c,VOD View Trailer Time,4.7286,PASS,2016-06-15 07:47:30
4b,VOD Launch Without Barker CH Display Time,0.0,FAIL,2016-06-15 08:01:34
4a,VOD Launch Time,0.0,FAIL,2016-06-15 08:14:42
4b,VOD Launch Without Barker CH Display Time,0.0,FAIL,2016-06-15 08:28:04
1b,Measure Ten Channel Change Time,26.0073,FAIL,2016-06-15 09:57:10
3.1a,Menu Launch Time,3.0303000000000004,PASS,2016-06-15 10:01:43
3.2a,GuideLaunchTimeMsrmentWithoutPIP,3.0636,PASS,2016-06-15 10:08:06
3.3,Info Launch,1.7982000000000002,PASS,2016-06-15 10:11:13
3.4,DVR Launch,3.1302,PASS,2016-06-15 10:16:46
4a,VOD Launch Time,0.0,FAIL,2016-06-15 10:31:48
4b,VOD Launch Without Barker CH Display Time,0.0,FAIL,2016-06-15 10:45:39
4c,VOD View Trailer Time,0.0,FAIL,2016-06-15 10:57:59
4b,VOD Launch Without Barker CH Display Time,0.0,FAIL,2016-06-15 11:10:39
4a,VOD Launch Time,0.0,FAIL,2016-06-15 11:25:59
4b,VOD Launch Without Barker CH Display Time,0.0,FAIL,2016-06-15 11:39:34
3.1a,Menu Launch Time,1.5984000000000003,PASS,2016-06-15 11:45:35
3.2a,GuideLaunchTimeMsrmentWithoutPIP,3.1968,PASS,2016-06-15 11:51:18
3.3,Info Launch,1.7649000000000001,PASS,2016-06-15 11:55:12
3.4,DVR Launch,2.7306,PASS,2016-06-15 12:00:01
4a,VOD Launch Time,0.0,FAIL,2016-06-15 12:13:01
4b,VOD Launch Without Barker CH Display Time,0.0,FAIL,2016-06-15 12:25:31
4c,VOD View Trailer Time,0.0,FAIL,2016-06-15 12:35:05
4b,VOD Launch Without Barker CH Display Time,0.0,FAIL,2016-06-15 12:46:31
4a,VOD Launch Time,0.0,FAIL,2016-06-15 13:00:57
4b,VOD Launch Without Barker CH Display Time,0.0,FAIL,2016-06-15 13:12:39
1b,Measure Ten Channel Change Time,18.747900000000005,FAIL,2016-06-15 14:34:56
3.1a,Menu Launch Time,2.2977000000000003,PASS,2016-06-15 14:39:07
3.2a,GuideLaunchTimeMsrmentWithoutPIP,3.6297,PASS,2016-06-15 14:44:20
3.3,Info Launch,1.8981000000000001,PASS,2016-06-15 14:47:34
3.4,DVR Launch,4.329,PASS,2016-06-15 14:54:25
4a,VOD Launch Time,0.0,FAIL,2016-06-15 15:05:33
4b,VOD Launch Without Barker CH Display Time,2.4642000000000004,PASS,2016-06-15 15:10:42
4c,VOD View Trailer Time,0.0,FAIL,2016-06-15 15:20:45
4b,VOD Launch Without Barker CH Display Time,0.0,FAIL,2016-06-15 15:33:12
4a,VOD Launch Time,0.0,FAIL,2016-06-15 15:45:32
4b,VOD Launch Without Barker CH Display Time,0.0,FAIL,2016-06-15 15:57:44
1b,Measure Ten Channel Change Time,38.028600000000004,PASS,2016-06-15 17:34:01
3.1a,Menu Launch Time,2.8638000000000003,PASS,2016-06-15 17:38:42
3.2a,GuideLaunchTimeMsrmentWithoutPIP,3.4965,PASS,2016-06-15 17:43:05
3.3,Info Launch,0.0,PASS,2016-06-15 17:50:48
3.4,DVR Launch,3.7962,PASS,2016-06-15 17:55:35
4a,VOD Launch Time,0.0,FAIL,2016-06-15 18:04:50
4b,VOD Launch Without Barker CH Display Time,0.0,FAIL,2016-06-15 18:15:36
4c,VOD View Trailer Time,5.194800000000001,PASS,2016-06-15 18:23:30
4b,VOD Launch Without Barker CH Display Time,0.0,FAIL,2016-06-15 18:33:47
4a,VOD Launch Time,0.0,FAIL,2016-06-15 18:45:02
4b,VOD Launch Without Barker CH Display Time,0.0,FAIL,2016-06-15 18:54:32
1b,Measure Ten Channel Change Time,36.1638,FAIL,2016-06-15 20:05:56
3.2a,GuideLaunchTimeMsrmentWithoutPIP,3.9627,PASS,2016-06-15 20:16:52
3.3,Info Launch,0.0,PASS,2016-06-15 20:22:52
3.4,DVR Launch,3.8961,PASS,2016-06-15 20:29:39
4a,VOD Launch Time,0.0,FAIL,2016-06-15 20:42:50
4b,VOD Launch Without Barker CH Display Time,0.0,FAIL,2016-06-15 20:57:57
4c,VOD View Trailer Time,0.0,FAIL,2016-06-15 21:08:49
4b,VOD Launch Without Barker CH Display Time,0.0,FAIL,2016-06-15 21:22:49
4a,VOD Launch Time,0.0,FAIL,2016-06-15 21:35:01
4b,VOD Launch Without Barker CH Display Time,0.0,FAIL,2016-06-15 21:49:40
1b,Measure Ten Channel Change Time,39.22740000000001,PASS,2016-06-15 22:57:48
3.1a,Menu Launch Time,1.7982000000000002,PASS,2016-06-15 23:01:50
3.3,Info Launch,0.0,PASS,2016-06-15 23:14:09
3.4,DVR Launch,3.2967,PASS,2016-06-15 23:20:03
4a,VOD Launch Time,0.0,FAIL,2016-06-15 23:33:42
4b,VOD Launch Without Barker CH Display Time,0.0,FAIL,2016-06-15 23:47:34
4c,VOD View Trailer Time,0.0,FAIL,2016-06-16 00:02:05
4b,VOD Launch Without Barker CH Display Time,0.0,FAIL,2016-06-16 00:17:24
4a,VOD Launch Time,0.0,FAIL,2016-06-16 00:31:11
4b,VOD Launch Without Barker CH Display Time,0.0,FAIL,2016-06-16 00:43:17
1b,Measure Ten Channel Change Time,38.4615,PASS,2016-06-16 01:48:59
3.1a,Menu Launch Time,0.0,FAIL,2016-06-16 01:59:49
3.3,Info Launch,0.0,PASS,2016-06-16 02:14:44
3.4,DVR Launch,4.0959,PASS,2016-06-16 02:20:33
4a,VOD Launch Time,0.0,FAIL,2016-06-16 02:32:47
4b,VOD Launch Without Barker CH Display Time,0.0,FAIL,2016-06-16 02:44:33
4c,VOD View Trailer Time,1.6317000000000002,PASS,2016-06-16 02:48:39
4b,VOD Launch Without Barker CH Display Time,0.0,FAIL,2016-06-16 02:59:51
4a,VOD Launch Time,0.0,FAIL,2016-06-16 03:11:02
4b,VOD Launch Without Barker CH Display Time,0.0,FAIL,2016-06-16 03:23:04
1b,Measure Ten Channel Change Time,25.008300000000006,FAIL,2016-06-16 04:26:19
3.2a,GuideLaunchTimeMsrmentWithoutPIP,0,FAIL,2016-06-16 04:42:37
3.3,Info Launch,0.0,PASS,2016-06-16 04:51:41
3.4,DVR Launch,0.0,FAIL,2016-06-16 05:02:56
4a,VOD Launch Time,0.0,FAIL,2016-06-16 05:13:45
4c,VOD View Trailer Time,0.0,FAIL,2016-06-16 05:29:09
4b,VOD Launch Without Barker CH Display Time,0.0,FAIL,2016-06-16 05:39:52
4a,VOD Launch Time,0.0,FAIL,2016-06-16 05:51:02
4b,VOD Launch Without Barker CH Display Time,0.0,FAIL,2016-06-16 06:03:04
1b,Measure Ten Channel Change Time,35.16480000000001,FAIL,2016-06-16 07:34:52
3.1a,Menu Launch Time,3.0969,PASS,2016-06-16 07:40:01
3.2a,GuideLaunchTimeMsrmentWithoutPIP,3.9294,PASS,2016-06-16 07:46:03
3.3,Info Launch,0.0,PASS,2016-06-16 07:56:03
3.4,DVR Launch,2.9304,PASS,2016-06-16 08:00:37
4a,VOD Launch Time,0.0,FAIL,2016-06-16 08:14:52
4b,VOD Launch Without Barker CH Display Time,0.0,FAIL,2016-06-16 08:26:29
4b,VOD Launch Without Barker CH Display Time,0.0,FAIL,2016-06-16 08:40:53
4a,VOD Launch Time,0.0,FAIL,2016-06-16 08:53:32
4b,VOD Launch Without Barker CH Display Time,0.0,FAIL,2016-06-16 09:05:59
1b,Measure Ten Channel Change Time,34.19910000000001,PASS,2016-06-16 10:07:10
3.1a,Menu Launch Time,3.2634000000000003,PASS,2016-06-16 10:12:10
3.2a,GuideLaunchTimeMsrmentWithoutPIP,3.7296,PASS,2016-06-16 10:17:14
3.3,Info Launch,1.6317000000000002,PASS,2016-06-16 10:20:18
4a,VOD Launch Time,0.0,FAIL,2016-06-16 10:35:59
4b,VOD Launch Without Barker CH Display Time,0.0,FAIL,2016-06-16 10:46:57
4c,VOD View Trailer Time,4.2957,PASS,2016-06-16 10:56:11
4b,VOD Launch Without Barker CH Display Time,0.0,FAIL,2016-06-16 11:07:05
4a,VOD Launch Time,0.0,FAIL,2016-06-16 11:18:59
4b,VOD Launch Without Barker CH Display Time,0.0,FAIL,2016-06-16 11:31:57
3.1a,Menu Launch Time,2.2311,PASS,2016-06-16 11:36:36
3.3,Info Launch,1.9647000000000001,PASS,2016-06-16 11:43:35
3.4,DVR Launch,4.1625,PASS,2016-06-16 11:50:08
4a,VOD Launch Time,0.0,FAIL,2016-06-16 12:01:21
4b,VOD Launch Without Barker CH Display Time,0.0,FAIL,2016-06-16 12:13:56
4b,VOD Launch Without Barker CH Display Time,0.0,FAIL,2016-06-16 12:25:59
4a,VOD Launch Time,0.0,FAIL,2016-06-16 12:36:53
4b,VOD Launch Without Barker CH Display Time,0.0,FAIL,2016-06-16 12:47:53
1b,Measure Ten Channel Change Time,41.358599999999996,FAIL,2016-06-16 14:02:01
3.3,Info Launch,1.6650000000000003,PASS,2016-06-16 14:20:49
3.4,DVR Launch,3.6297,PASS,2016-06-16 14:26:34
4a,VOD Launch Time,0.0,FAIL,2016-06-16 14:38:38
4b,VOD Launch Without Barker CH Display Time,0.0,FAIL,2016-06-16 14:52:52
4c,VOD View Trailer Time,0.0,FAIL,2016-06-16 15:03:08
4b,VOD Launch Without Barker CH Display Time,3.3300000000000005,PASS,2016-06-16 15:08:36
4a,VOD Launch Time,0.0,FAIL,2016-06-16 15:20:33
1b,Measure Ten Channel Change Time,27.339300000000005,PASS,2016-06-16 19:55:59
3.1a,Menu Launch Time,0.6993,PASS,2016-06-16 19:57:14
3.2a,GuideLaunchTimeMsrmentWithoutPIP,1.3653,PASS,2016-06-16 19:58:49
3.3,Info Launch,0.46620000000000006,PASS,2016-06-16 19:59:55
3.4,DVR Launch,0.8658,PASS,2016-06-16 20:01:14
4a,VOD Launch Time,0.0,FAIL,2016-06-16 20:07:28
4b,VOD Launch Without Barker CH Display Time,2.3310000000000004,PASS,2016-06-16 20:09:35
1b,Measure Ten Channel Change Time,31.268700000000003,PASS,2016-06-16 20:44:34
3.1a,Menu Launch Time,0.7326,PASS,2016-06-16 20:46:00
3.2a,GuideLaunchTimeMsrmentWithoutPIP,1.2321,PASS,2016-06-16 20:47:53
3.3,Info Launch,0.49950000000000006,PASS,2016-06-16 20:49:12
3.4,DVR Launch,0.9324,PASS,2016-06-16 20:50:45
4a,VOD Launch Time,0.0,FAIL,2016-06-16 20:58:53
4b,VOD Launch Without Barker CH Display Time,2.7972,PASS,2016-06-16 21:02:17
1b,Measure Ten Channel Change Time,26.873100000000008,PASS,2016-06-16 21:26:10
3.1a,Menu Launch Time,0.7326,PASS,2016-06-16 21:27:33
3.2a,GuideLaunchTimeMsrmentWithoutPIP,1.2321,PASS,2016-06-16 21:29:23
3.3,Info Launch,0.46620000000000006,PASS,2016-06-16 21:30:37
3.4,DVR Launch,0.8991,PASS,2016-06-16 21:32:10
4a,VOD Launch Time,0.0,FAIL,2016-06-16 21:39:08
4b,VOD Launch Without Barker CH Display Time,2.3643,PASS,2016-06-16 21:41:48
1b,Measure Ten Channel Change Time,32.267700000000005,PASS,2016-06-16 22:08:01
3.1a,Menu Launch Time,0.7992000000000001,PASS,2016-06-16 22:09:13
3.2a,GuideLaunchTimeMsrmentWithoutPIP,1.2654,PASS,2016-06-16 22:11:02
3.3,Info Launch,0.49950000000000006,PASS,2016-06-16 22:12:19
3.4,DVR Launch,0.8991,PASS,2016-06-16 22:13:47
4a,VOD Launch Time,0.0,FAIL,2016-06-16 22:20:56
4b,VOD Launch Without Barker CH Display Time,2.3976,PASS,2016-06-16 22:23:27
1b,Measure Ten Channel Change Time,34.565400000000004,PASS,2016-06-16 22:53:12
3.1a,Menu Launch Time,0.7659,PASS,2016-06-16 22:54:29
3.2a,GuideLaunchTimeMsrmentWithoutPIP,1.0656,PASS,2016-06-16 22:55:59
3.3,Info Launch,0.49950000000000006,PASS,2016-06-16 22:57:08
3.4,DVR Launch,0.8658,PASS,2016-06-16 22:58:35
4a,VOD Launch Time,0.0,FAIL,2016-06-16 23:06:02
4b,VOD Launch Without Barker CH Display Time,2.4309000000000003,PASS,2016-06-16 23:08:45
1b,Measure Ten Channel Change Time,25.707600000000006,PASS,2016-06-16 23:30:39
3.1a,Menu Launch Time,0.7659,PASS,2016-06-16 23:32:01
3.2a,GuideLaunchTimeMsrmentWithoutPIP,1.2321,PASS,2016-06-16 23:33:49
3.3,Info Launch,0.49950000000000006,PASS,2016-06-16 23:35:07
3.4,DVR Launch,0.9324,PASS,2016-06-16 23:36:37
4a,VOD Launch Time,0.0,FAIL,2016-06-16 23:44:39
4b,VOD Launch Without Barker CH Display Time,2.4642000000000004,PASS,2016-06-16 23:47:26
1b,Measure Ten Channel Change Time,31.535100000000003,PASS,2016-06-17 00:12:21
3.1a,Menu Launch Time,0.6993,PASS,2016-06-17 00:13:33
3.2a,GuideLaunchTimeMsrmentWithoutPIP,1.0989,PASS,2016-06-17 00:15:17
3.3,Info Launch,0.5328,PASS,2016-06-17 00:16:32
3.4,DVR Launch,0.9657,PASS,2016-06-17 00:18:10
4a,VOD Launch Time,0.0,FAIL,2016-06-17 00:25:54
4b,VOD Launch Without Barker CH Display Time,2.4309000000000003,PASS,2016-06-17 00:28:28
1b,Measure Ten Channel Change Time,24.542100000000005,PASS,2016-06-17 00:53:12
3.1a,Menu Launch Time,0.8325000000000001,PASS,2016-06-17 00:54:37
3.2a,GuideLaunchTimeMsrmentWithoutPIP,1.2321,PASS,2016-06-17 00:56:24
3.3,Info Launch,0.5328,PASS,2016-06-17 00:57:48
3.4,DVR Launch,0.9324,PASS,2016-06-17 00:59:21
4a,VOD Launch Time,0.0,FAIL,2016-06-17 01:07:18
4b,VOD Launch Without Barker CH Display Time,2.5641000000000003,PASS,2016-06-17 01:10:26
1b,Measure Ten Channel Change Time,34.53210000000001,PASS,2016-06-17 01:40:34
3.1a,Menu Launch Time,0.7659,PASS,2016-06-17 01:41:59
3.2a,GuideLaunchTimeMsrmentWithoutPIP,1.1988,PASS,2016-06-17 01:43:51
3.3,Info Launch,0.666,PASS,2016-06-17 01:45:08
3.4,DVR Launch,0.999,PASS,2016-06-17 01:46:56
4a,VOD Launch Time,0.0,FAIL,2016-06-17 01:54:53
4b,VOD Launch Without Barker CH Display Time,2.5308,PASS,2016-06-17 01:57:42
1b,Measure Ten Channel Change Time,24.242400000000004,PASS,2016-06-17 02:23:39
3.1a,Menu Launch Time,0.7992000000000001,PASS,2016-06-17 02:24:44
3.2a,GuideLaunchTimeMsrmentWithoutPIP,1.1322,PASS,2016-06-17 02:26:15
3.3,Info Launch,0.5328,PASS,2016-06-17 02:27:32
3.4,DVR Launch,0.999,PASS,2016-06-17 02:29:10
4a,VOD Launch Time,0.0,FAIL,2016-06-17 02:37:06
4b,VOD Launch Without Barker CH Display Time,2.5641000000000003,PASS,2016-06-17 02:39:26
1b,Measure Ten Channel Change Time,30.303000000000004,PASS,2016-06-17 03:07:28
3.1a,Menu Launch Time,0.8325000000000001,PASS,2016-06-17 03:08:44
3.2a,GuideLaunchTimeMsrmentWithoutPIP,1.2654,PASS,2016-06-17 03:10:38
3.3,Info Launch,0.49950000000000006,PASS,2016-06-17 03:11:53
3.4,DVR Launch,0.999,PASS,2016-06-17 03:13:29
4a,VOD Launch Time,0.0,FAIL,2016-06-17 03:21:07
4b,VOD Launch Without Barker CH Display Time,3.1968000000000005,PASS,2016-06-17 03:24:42
1b,Measure Ten Channel Change Time,33.832800000000006,PASS,2016-06-17 03:53:30
3.1a,Menu Launch Time,0.8325000000000001,PASS,2016-06-17 03:54:46
3.2a,GuideLaunchTimeMsrmentWithoutPIP,1.2654,PASS,2016-06-17 03:56:25
3.3,Info Launch,0.5328,PASS,2016-06-17 03:57:37
3.4,DVR Launch,0.999,PASS,2016-06-17 03:59:09
4a,VOD Launch Time,0.0,FAIL,2016-06-17 04:07:18
4b,VOD Launch Without Barker CH Display Time,2.4975,PASS,2016-06-17 04:10:08
1b,Measure Ten Channel Change Time,29.936700000000005,FAIL,2016-06-17 04:47:57
3.1a,Menu Launch Time,0.8658000000000001,PASS,2016-06-17 04:49:26
3.2a,GuideLaunchTimeMsrmentWithoutPIP,0,FAIL,2016-06-17 04:54:20
3.3,Info Launch,0.5328,PASS,2016-06-17 04:55:42
3.4,DVR Launch,1.0323,PASS,2016-06-17 04:57:16
4a,VOD Launch Time,0.0,FAIL,2016-06-17 05:05:03
4b,VOD Launch Without Barker CH Display Time,2.5641000000000003,PASS,2016-06-17 05:08:03
1b,Measure Ten Channel Change Time,40.4928,PASS,2016-06-17 05:42:30
3.1a,Menu Launch Time,0.9324000000000001,PASS,2016-06-17 05:44:00
3.2a,GuideLaunchTimeMsrmentWithoutPIP,1.2987,PASS,2016-06-17 05:45:51
3.3,Info Launch,0.5994,PASS,2016-06-17 05:47:10
3.4,DVR Launch,1.2321,PASS,2016-06-17 05:48:51
4a,VOD Launch Time,0.0,FAIL,2016-06-17 05:56:45
4b,VOD Launch Without Barker CH Display Time,2.664,PASS,2016-06-17 05:59:20
1b,Measure Ten Channel Change Time,27.1395,PASS,2016-06-17 06:24:17
3.1a,Menu Launch Time,0.7992000000000001,PASS,2016-06-17 06:25:41
3.2a,GuideLaunchTimeMsrmentWithoutPIP,1.4319,PASS,2016-06-17 06:27:36
3.3,Info Launch,0.5328,PASS,2016-06-17 06:28:57
3.4,DVR Launch,0.999,PASS,2016-06-17 06:30:35
4a,VOD Launch Time,0.0,FAIL,2016-06-17 06:38:23
4b,VOD Launch Without Barker CH Display Time,0.0,FAIL,2016-06-17 06:44:48
1b,Measure Ten Channel Change Time,37.4292,PASS,2016-06-17 07:13:11
3.1a,Menu Launch Time,0.9324000000000001,PASS,2016-06-17 07:14:42
3.2a,GuideLaunchTimeMsrmentWithoutPIP,1.3986,PASS,2016-06-17 07:16:27
3.3,Info Launch,0.5328,PASS,2016-06-17 07:17:48
3.4,DVR Launch,1.1988,PASS,2016-06-17 07:19:27
4a,VOD Launch Time,0.0,FAIL,2016-06-17 07:27:08
4b,VOD Launch Without Barker CH Display Time,2.7639000000000005,PASS,2016-06-17 07:29:45
1b,Measure Ten Channel Change Time,32.9337,PASS,2016-06-17 07:56:53
3.1a,Menu Launch Time,0.8991000000000001,PASS,2016-06-17 07:58:26
3.2a,GuideLaunchTimeMsrmentWithoutPIP,1.2987,PASS,2016-06-17 08:00:17
3.3,Info Launch,0.6993,PASS,2016-06-17 08:01:38
3.4,DVR Launch,1.2321,PASS,2016-06-17 08:03:23
4a,VOD Launch Time,0.0,FAIL,2016-06-17 08:11:12
4b,VOD Launch Without Barker CH Display Time,2.7972,PASS,2016-06-17 08:14:18
1b,Measure Ten Channel Change Time,33.133500000000005,PASS,2016-06-17 08:48:14
3.1a,Menu Launch Time,0.8991000000000001,PASS,2016-06-17 08:49:44
3.2a,GuideLaunchTimeMsrmentWithoutPIP,1.1988,PASS,2016-06-17 08:51:32
3.3,Info Launch,0.6327,PASS,2016-06-17 08:52:52
3.4,DVR Launch,1.0656,PASS,2016-06-17 08:54:30
4a,VOD Launch Time,0.0,FAIL,2016-06-17 09:02:17
4b,VOD Launch Without Barker CH Display Time,3.1968000000000005,PASS,2016-06-17 09:05:48
1b,Measure Ten Channel Change Time,22.8105,FAIL,2016-06-17 09:38:20
3.1a,Menu Launch Time,0.8325000000000001,PASS,2016-06-17 09:39:39
3.2a,GuideLaunchTimeMsrmentWithoutPIP,1.2987,PASS,2016-06-17 09:41:32
3.3,Info Launch,0.5994,PASS,2016-06-17 09:42:57
3.4,DVR Launch,1.2987,PASS,2016-06-17 09:44:41
4a,VOD Launch Time,0.0,FAIL,2016-06-17 09:52:10
4b,VOD Launch Without Barker CH Display Time,2.7306000000000004,PASS,2016-06-17 09:55:21
1b,Measure Ten Channel Change Time,33.3999,PASS,2016-06-17 10:21:54
3.1a,Menu Launch Time,0.7992000000000001,PASS,2016-06-17 10:23:15
3.2a,GuideLaunchTimeMsrmentWithoutPIP,1.0989,PASS,2016-06-17 10:25:02
3.3,Info Launch,0.6327,PASS,2016-06-17 10:26:27
3.4,DVR Launch,1.2321,PASS,2016-06-17 10:28:13
4a,VOD Launch Time,0.0,FAIL,2016-06-17 10:35:54
4b,VOD Launch Without Barker CH Display Time,2.8638000000000003,PASS,2016-06-17 10:39:05
1b,Measure Ten Channel Change Time,29.4705,PASS,2016-06-17 11:05:50
3.1a,Menu Launch Time,0.8325000000000001,PASS,2016-06-17 11:07:16
3.2a,GuideLaunchTimeMsrmentWithoutPIP,1.0323,PASS,2016-06-17 11:08:40
3.3,Info Launch,0.6327,PASS,2016-06-17 11:10:03
3.4,DVR Launch,1.0323,PASS,2016-06-17 11:11:47
4a,VOD Launch Time,0.0,FAIL,2016-06-17 11:19:32
4b,VOD Launch Without Barker CH Display Time,2.8971000000000005,PASS,2016-06-17 11:23:07
1b,Measure Ten Channel Change Time,28.504800000000003,PASS,2016-06-17 11:46:42
3.1a,Menu Launch Time,0.7992000000000001,PASS,2016-06-17 11:47:58
3.2a,GuideLaunchTimeMsrmentWithoutPIP,1.332,PASS,2016-06-17 11:49:58
3.3,Info Launch,0.5994,PASS,2016-06-17 11:51:21
3.4,DVR Launch,1.1655,PASS,2016-06-17 11:53:01
4a,VOD Launch Time,0.0,FAIL,2016-06-17 11:59:58
4b,VOD Launch Without Barker CH Display Time,2.9970000000000003,PASS,2016-06-17 12:03:11
1b,Measure Ten Channel Change Time,32.101200000000006,PASS,2016-06-17 12:31:45
3.1a,Menu Launch Time,1.0656,PASS,2016-06-17 12:33:30
3.2a,GuideLaunchTimeMsrmentWithoutPIP,1.1655,PASS,2016-06-17 12:35:13
3.3,Info Launch,0.7326,PASS,2016-06-17 12:36:45
3.4,DVR Launch,1.1655,PASS,2016-06-17 12:38:24
4a,VOD Launch Time,0.0,FAIL,2016-06-17 12:45:15
4b,VOD Launch Without Barker CH Display Time,3.4632000000000005,PASS,2016-06-17 12:49:06
1b,Measure Ten Channel Change Time,27.5724,PASS,2016-06-17 13:18:38
3.1a,Menu Launch Time,0.9990000000000001,PASS,2016-06-17 13:20:13
3.2a,GuideLaunchTimeMsrmentWithoutPIP,1.3986,PASS,2016-06-17 13:22:00
3.3,Info Launch,0.5994,PASS,2016-06-17 13:23:23
3.4,DVR Launch,1.3653,PASS,2016-06-17 13:25:17
4a,VOD Launch Time,0.0,FAIL,2016-06-17 13:32:44
4b,VOD Launch Without Barker CH Display Time,2.9637000000000002,PASS,2016-06-17 13:35:54
1b,Measure Ten Channel Change Time,34.4988,PASS,2016-06-17 14:07:29
3.1a,Menu Launch Time,0.8325000000000001,PASS,2016-06-17 14:08:58
3.2a,GuideLaunchTimeMsrmentWithoutPIP,1.0989,PASS,2016-06-17 14:10:31
3.3,Info Launch,0.6327,PASS,2016-06-17 14:11:56
3.4,DVR Launch,1.0989,PASS,2016-06-17 14:13:30
4a,VOD Launch Time,0.0,FAIL,2016-06-17 14:21:10
4b,VOD Launch Without Barker CH Display Time,2.8971000000000005,PASS,2016-06-17 14:24:27
1b,Measure Ten Channel Change Time,28.2051,PASS,2016-06-17 14:57:27
3.1a,Menu Launch Time,0.7992000000000001,PASS,2016-06-17 14:59:27
3.2a,GuideLaunchTimeMsrmentWithoutPIP,1.3653,PASS,2016-06-17 15:02:19
3.3,Info Launch,0.6327,PASS,2016-06-17 15:04:24
3.4,DVR Launch,1.332,PASS,2016-06-17 15:07:21
4a,VOD Launch Time,0.0,FAIL,2016-06-17 15:21:21
4b,VOD Launch Without Barker CH Display Time,3.7296000000000005,PASS,2016-06-17 15:28:33
1b,Measure Ten Channel Change Time,28.3716,PASS,2016-06-17 16:13:12
3.1a,Menu Launch Time,0.8658000000000001,PASS,2016-06-17 16:14:44
3.2a,GuideLaunchTimeMsrmentWithoutPIP,1.3986,PASS,2016-06-17 16:16:55
3.3,Info Launch,1.4985000000000002,PASS,2016-06-17 16:19:21
3.4,DVR Launch,1.2321,PASS,2016-06-17 16:21:02
4a,VOD Launch Time,0.0,FAIL,2016-06-17 16:28:47
4b,VOD Launch Without Barker CH Display Time,3.2301,PASS,2016-06-17 16:32:08
1b,Measure Ten Channel Change Time,35.964000000000006,PASS,2016-06-17 16:59:18
3.1a,Menu Launch Time,1.0323,PASS,2016-06-17 17:00:44
3.2a,GuideLaunchTimeMsrmentWithoutPIP,1.2987,PASS,2016-06-17 17:02:33
3.3,Info Launch,0.6993,PASS,2016-06-17 17:03:58
3.4,DVR Launch,1.2321,PASS,2016-06-17 17:05:38
4a,VOD Launch Time,0.0,FAIL,2016-06-17 17:15:42
4b,VOD Launch Without Barker CH Display Time,3.5964000000000005,PASS,2016-06-17 17:22:14
1b,Measure Ten Channel Change Time,26.207100000000004,PASS,2016-06-17 18:30:36
3.1a,Menu Launch Time,1.0656,PASS,2016-06-17 18:32:53
3.2a,GuideLaunchTimeMsrmentWithoutPIP,1.5318,PASS,2016-06-17 18:36:00
3.3,Info Launch,0.6993,PASS,2016-06-17 18:38:02
3.4,DVR Launch,1.1988,PASS,2016-06-17 18:40:45
4a,VOD Launch Time,0.0,FAIL,2016-06-17 18:53:39
4b,VOD Launch Without Barker CH Display Time,3.4632000000000005,PASS,2016-06-17 19:00:23
1b,Measure Ten Channel Change Time,33.7329,PASS,2016-06-17 20:55:26
3.1a,Menu Launch Time,0.7992000000000001,PASS,2016-06-17 20:57:11
3.2a,GuideLaunchTimeMsrmentWithoutPIP,1.7316,PASS,2016-06-17 21:01:29
3.3,Info Launch,0.5994,PASS,2016-06-17 21:03:40
3.4,DVR Launch,1.4652,PASS,2016-06-17 21:07:00
4a,VOD Launch Time,0.0,FAIL,2016-06-17 21:22:30
4b,VOD Launch Without Barker CH Display Time,3.2301,PASS,2016-06-17 21:29:29
1b,Measure Ten Channel Change Time,31.3686,PASS,2016-06-17 23:00:07
3.1a,Menu Launch Time,1.0656,PASS,2016-06-17 23:02:28
3.2a,GuideLaunchTimeMsrmentWithoutPIP,1.665,PASS,2016-06-17 23:04:45
3.3,Info Launch,0.666,PASS,2016-06-17 23:06:13
3.4,DVR Launch,1.2654,PASS,2016-06-17 23:08:53
4a,VOD Launch Time,0.0,FAIL,2016-06-17 23:21:46
4b,VOD Launch Without Barker CH Display Time,3.2301,PASS,2016-06-17 23:26:18
1b,Measure Ten Channel Change Time,39.16080000000001,PASS,2016-06-18 00:48:03
3.1a,Menu Launch Time,1.1655000000000002,PASS,2016-06-18 00:50:05
3.2a,GuideLaunchTimeMsrmentWithoutPIP,1.5651,PASS,2016-06-18 00:52:56
3.3,Info Launch,0.6327,PASS,2016-06-18 00:54:45
3.4,DVR Launch,1.2654,PASS,2016-06-18 00:57:21
4a,VOD Launch Time,0.0,FAIL,2016-06-18 01:07:12
4b,VOD Launch Without Barker CH Display Time,3.2967000000000004,PASS,2016-06-18 01:12:18
1b,Measure Ten Channel Change Time,33.03360000000001,FAIL,2016-06-18 02:29:00
3.1a,Menu Launch Time,0.9324000000000001,PASS,2016-06-18 02:30:41
3.2a,GuideLaunchTimeMsrmentWithoutPIP,1.8315,PASS,2016-06-18 02:33:26
3.3,Info Launch,0.8325000000000001,PASS,2016-06-18 02:35:09
3.4,DVR Launch,1.2654,PASS,2016-06-18 02:37:42
4a,VOD Launch Time,0.0,FAIL,2016-06-18 02:49:55
4b,VOD Launch Without Barker CH Display Time,3.2634000000000003,PASS,2016-06-18 02:54:59
1b,Measure Ten Channel Change Time,22.5441,FAIL,2016-06-18 04:13:18
3.1a,Menu Launch Time,0.9990000000000001,PASS,2016-06-18 04:15:26
3.2a,GuideLaunchTimeMsrmentWithoutPIP,0,FAIL,2016-06-18 04:23:43
3.3,Info Launch,0.7326,PASS,2016-06-18 04:25:41
3.4,DVR Launch,1.4319,PASS,2016-06-18 04:28:16
4a,VOD Launch Time,0.0,FAIL,2016-06-18 04:39:12
4b,VOD Launch Without Barker CH Display Time,3.3633,PASS,2016-06-18 04:44:42
1b,Measure Ten Channel Change Time,32.900400000000005,FAIL,2016-06-18 06:00:11
3.1a,Menu Launch Time,0.8658000000000001,PASS,2016-06-18 06:02:21
3.2a,GuideLaunchTimeMsrmentWithoutPIP,1.3986,PASS,2016-06-18 06:05:24
3.3,Info Launch,0.7659,PASS,2016-06-18 06:07:28
3.4,DVR Launch,1.2987,PASS,2016-06-18 06:10:06
4a,VOD Launch Time,0.0,FAIL,2016-06-18 06:20:19
4b,VOD Launch Without Barker CH Display Time,3.3966000000000003,PASS,2016-06-18 06:25:59
1b,Measure Ten Channel Change Time,38.328300000000006,PASS,2016-06-18 07:44:22
3.1a,Menu Launch Time,0.8325000000000001,PASS,2016-06-18 07:46:35
3.2a,GuideLaunchTimeMsrmentWithoutPIP,0,FAIL,2016-06-18 07:56:33
3.3,Info Launch,0.8991000000000001,PASS,2016-06-18 07:58:32
3.4,DVR Launch,1.5651,PASS,2016-06-18 08:01:26
4a,VOD Launch Time,0.0,FAIL,2016-06-18 08:12:31
4b,VOD Launch Without Barker CH Display Time,3.7296000000000005,PASS,2016-06-18 08:19:03
1b,Measure Ten Channel Change Time,27.672300000000007,FAIL,2016-06-18 09:32:57
3.1a,Menu Launch Time,1.0656,PASS,2016-06-18 09:35:15
3.2a,GuideLaunchTimeMsrmentWithoutPIP,1.5651,PASS,2016-06-18 09:38:04
3.3,Info Launch,0.8325000000000001,PASS,2016-06-18 09:40:06
3.4,DVR Launch,1.665,PASS,2016-06-18 09:43:47
4a,VOD Launch Time,0.0,FAIL,2016-06-18 09:56:01
4b,VOD Launch Without Barker CH Display Time,3.5964000000000005,PASS,2016-06-18 10:00:04
1b,Measure Ten Channel Change Time,21.6783,FAIL,2016-06-18 11:13:50
3.1a,Menu Launch Time,1.2321000000000002,PASS,2016-06-18 11:16:28
3.2a,GuideLaunchTimeMsrmentWithoutPIP,1.4985,PASS,2016-06-18 11:19:16
3.3,Info Launch,0.7992000000000001,PASS,2016-06-18 11:21:33
3.4,DVR Launch,1.5984,PASS,2016-06-18 11:24:40
4a,VOD Launch Time,0.0,FAIL,2016-06-18 11:38:19
4b,VOD Launch Without Barker CH Display Time,3.8295000000000003,PASS,2016-06-18 11:43:50
1b,Measure Ten Channel Change Time,19.1808,FAIL,2016-06-18 13:05:19
3.1a,Menu Launch Time,0.8658000000000001,PASS,2016-06-18 13:07:21
3.2a,GuideLaunchTimeMsrmentWithoutPIP,1.3986,PASS,2016-06-18 13:10:13
3.3,Info Launch,0.8991000000000001,PASS,2016-06-18 13:12:25
3.4,DVR Launch,1.4652,PASS,2016-06-18 13:15:35
4a,VOD Launch Time,0.0,FAIL,2016-06-18 13:27:53
4b,VOD Launch Without Barker CH Display Time,2.9637000000000002,PASS,2016-06-18 13:33:07
1b,Measure Ten Channel Change Time,36.99630000000001,PASS,2016-06-18 14:29:22
3.1a,Menu Launch Time,1.0323,PASS,2016-06-18 14:31:39
3.2a,GuideLaunchTimeMsrmentWithoutPIP,1.7316,PASS,2016-06-18 14:34:40
3.3,Info Launch,0.6993,PASS,2016-06-18 14:36:37
3.4,DVR Launch,1.3653,PASS,2016-06-18 14:38:54
4a,VOD Launch Time,0.0,FAIL,2016-06-18 14:50:01
4b,VOD Launch Without Barker CH Display Time,3.8961000000000006,PASS,2016-06-18 14:55:34
1b,Measure Ten Channel Change Time,25.8408,FAIL,2016-06-18 16:13:59
3.1a,Menu Launch Time,1.2321000000000002,PASS,2016-06-18 16:16:47
3.2a,GuideLaunchTimeMsrmentWithoutPIP,1.7649,PASS,2016-06-18 16:20:02
3.3,Info Launch,0.8658000000000001,PASS,2016-06-18 16:22:05
3.4,DVR Launch,1.0656,PASS,2016-06-18 16:24:37
4a,VOD Launch Time,0.0,FAIL,2016-06-18 16:35:15
4b,VOD Launch Without Barker CH Display Time,3.8295000000000003,PASS,2016-06-18 16:41:00
1b,Measure Ten Channel Change Time,32.1678,PASS,2016-06-18 17:44:55
3.1a,Menu Launch Time,1.2987000000000002,PASS,2016-06-18 17:47:34
3.2a,GuideLaunchTimeMsrmentWithoutPIP,1.5984,PASS,2016-06-18 17:50:43
3.3,Info Launch,0.9324000000000001,PASS,2016-06-18 17:52:54
3.4,DVR Launch,0.0,FAIL,2016-06-18 18:02:00
4a,VOD Launch Time,0.0,FAIL,2016-06-18 18:14:15
4b,VOD Launch Without Barker CH Display Time,3.5298000000000003,PASS,2016-06-18 18:19:15
1b,Measure Ten Channel Change Time,31.901400000000002,PASS,2016-06-18 20:33:11
3.1a,Menu Launch Time,1.6983000000000001,PASS,2016-06-18 20:36:31
3.2a,GuideLaunchTimeMsrmentWithoutPIP,1.6983,PASS,2016-06-18 20:39:18
3.3,Info Launch,0.7326,PASS,2016-06-18 20:40:51
3.4,DVR Launch,1.7316,PASS,2016-06-18 20:42:48
4a,VOD Launch Time,0.0,FAIL,2016-06-18 20:54:18
4b,VOD Launch Without Barker CH Display Time,3.8628000000000005,PASS,2016-06-18 20:59:20
1b,Measure Ten Channel Change Time,29.104200000000002,PASS,2016-06-18 21:56:37
3.1a,Menu Launch Time,1.1322,PASS,2016-06-18 21:59:02
3.2a,GuideLaunchTimeMsrmentWithoutPIP,1.7982,PASS,2016-06-18 22:02:31
3.3,Info Launch,0.0,PASS,2016-06-18 22:12:35
3.4,DVR Launch,1.665,PASS,2016-06-18 22:16:02
4a,VOD Launch Time,0.0,FAIL,2016-06-18 22:27:23
4b,VOD Launch Without Barker CH Display Time,3.5631000000000004,PASS,2016-06-18 22:32:53
1b,Measure Ten Channel Change Time,29.670300000000005,PASS,2016-06-18 23:47:48
3.1a,Menu Launch Time,0.666,PASS,2016-06-18 23:49:44
3.2a,GuideLaunchTimeMsrmentWithoutPIP,1.665,PASS,2016-06-18 23:53:27
3.3,Info Launch,0.0,PASS,2016-06-19 00:02:37
3.4,DVR Launch,1.2654,PASS,2016-06-19 00:05:07
4a,VOD Launch Time,0.0,FAIL,2016-06-19 00:16:41
4b,VOD Launch Without Barker CH Display Time,4.2957,PASS,2016-06-19 00:22:05
1b,Measure Ten Channel Change Time,37.862100000000005,PASS,2016-06-19 01:32:16
3.1a,Menu Launch Time,1.5318,PASS,2016-06-19 01:34:57
3.2a,GuideLaunchTimeMsrmentWithoutPIP,1.7316,PASS,2016-06-19 01:37:58
3.3,Info Launch,0.7659,PASS,2016-06-19 01:39:49
3.4,DVR Launch,1.5318,PASS,2016-06-19 01:42:26
4a,VOD Launch Time,0.0,FAIL,2016-06-19 01:54:11
4b,VOD Launch Without Barker CH Display Time,3.5964000000000005,PASS,2016-06-19 01:59:22
1b,Measure Ten Channel Change Time,31.135500000000004,FAIL,2016-06-19 03:20:53
3.1a,Menu Launch Time,0.9657000000000001,PASS,2016-06-19 03:23:01
3.2a,GuideLaunchTimeMsrmentWithoutPIP,2.0979,PASS,2016-06-19 03:26:55
3.3,Info Launch,0.7326,PASS,2016-06-19 03:28:51
4a,VOD Launch Time,0.0,FAIL,2016-06-19 03:43:03
4b,VOD Launch Without Barker CH Display Time,4.3623,PASS,2016-06-19 03:49:41
1b,Measure Ten Channel Change Time,41.292,PASS,2016-06-19 05:07:30
3.1a,Menu Launch Time,0.0,FAIL,2016-06-19 05:17:04
3.2a,GuideLaunchTimeMsrmentWithoutPIP,2.4642,PASS,2016-06-19 05:21:15
3.3,Info Launch,0.8325000000000001,PASS,2016-06-19 05:23:28
3.4,DVR Launch,1.7649,PASS,2016-06-19 05:26:58
4a,VOD Launch Time,0.0,FAIL,2016-06-19 05:39:22
4b,VOD Launch Without Barker CH Display Time,4.0959,PASS,2016-06-19 05:45:36
1b,Measure Ten Channel Change Time,34.7319,PASS,2016-06-19 06:39:23
3.2a,GuideLaunchTimeMsrmentWithoutPIP,1.7649,PASS,2016-06-19 06:51:21
3.3,Info Launch,1.1655000000000002,PASS,2016-06-19 06:53:58
3.4,DVR Launch,1.5651,PASS,2016-06-19 06:57:18
4a,VOD Launch Time,0.0,FAIL,2016-06-19 07:10:16
4b,VOD Launch Without Barker CH Display Time,4.4622,PASS,2016-06-19 07:17:35
1b,Measure Ten Channel Change Time,30.602700000000006,FAIL,2016-06-19 08:26:04
3.3,Info Launch,0.8325000000000001,PASS,2016-06-19 08:41:14
3.4,DVR Launch,1.7316,PASS,2016-06-19 08:44:31
4a,VOD Launch Time,0.0,FAIL,2016-06-19 08:55:42
4b,VOD Launch Without Barker CH Display Time,3.8295000000000003,PASS,2016-06-19 09:02:16
3.1a,Menu Launch Time,0.0,FAIL,2016-06-19 09:12:54
3.2a,GuideLaunchTimeMsrmentWithoutPIP,2.2311,PASS,2016-06-19 09:16:26
3.3,Info Launch,0.5328,PASS,2016-06-19 09:18:09
3.4,DVR Launch,1.9314,PASS,2016-06-19 09:21:40
4a,VOD Launch Time,0.0,FAIL,2016-06-19 09:33:29
4b,VOD Launch Without Barker CH Display Time,3.8628000000000005,PASS,2016-06-19 09:41:43
1b,Measure Ten Channel Change Time,24.042600000000007,FAIL,2016-06-19 10:53:26
3.1a,Menu Launch Time,1.0323,PASS,2016-06-19 10:55:45
3.2a,GuideLaunchTimeMsrmentWithoutPIP,1.8981,PASS,2016-06-19 10:59:39
3.3,Info Launch,1.7316000000000003,PASS,2016-06-19 11:02:58
3.4,DVR Launch,1.5318,PASS,2016-06-19 11:05:54
4a,VOD Launch Time,0.0,FAIL,2016-06-19 11:19:48
4b,VOD Launch Without Barker CH Display Time,3.9960000000000004,PASS,2016-06-19 11:24:22
1b,Measure Ten Channel Change Time,23.4765,FAIL,2016-06-19 12:38:10
3.1a,Menu Launch Time,0.0,FAIL,2016-06-19 12:47:15
3.2a,GuideLaunchTimeMsrmentWithoutPIP,1.7649,PASS,2016-06-19 12:50:22
3.3,Info Launch,0.0,PASS,2016-06-19 12:59:57
3.4,DVR Launch,1.5651,PASS,2016-06-19 13:02:13
4a,VOD Launch Time,0.0,FAIL,2016-06-19 13:15:48
4b,VOD Launch Without Barker CH Display Time,4.3623,PASS,2016-06-19 13:22:15
1b,Measure Ten Channel Change Time,39.194100000000006,PASS,2016-06-19 14:23:41
3.1a,Menu Launch Time,0.0,FAIL,2016-06-19 14:33:24
3.2a,GuideLaunchTimeMsrmentWithoutPIP,2.0646,PASS,2016-06-19 14:37:00
3.3,Info Launch,0.9657000000000001,PASS,2016-06-19 14:40:12
3.4,DVR Launch,2.0979,PASS,2016-06-19 14:43:54
4a,VOD Launch Time,0.0,FAIL,2016-06-19 14:55:43
4b,VOD Launch Without Barker CH Display Time,4.7286,PASS,2016-06-19 15:03:15
1b,Measure Ten Channel Change Time,28.338300000000004,PASS,2016-06-19 16:03:05
3.1a,Menu Launch Time,1.1655000000000002,PASS,2016-06-19 16:05:22
3.2a,GuideLaunchTimeMsrmentWithoutPIP,1.8315,PASS,2016-06-19 16:08:44
3.3,Info Launch,0.0,PASS,2016-06-19 16:18:53
3.4,DVR Launch,1.8648,PASS,2016-06-19 16:22:32
4a,VOD Launch Time,0.0,FAIL,2016-06-19 16:35:56
4b,VOD Launch Without Barker CH Display Time,4.9617,PASS,2016-06-19 16:43:29
1b,Measure Ten Channel Change Time,37.162800000000004,PASS,2016-06-19 17:48:14
3.1a,Menu Launch Time,1.4319000000000002,PASS,2016-06-19 17:51:11
3.2a,GuideLaunchTimeMsrmentWithoutPIP,1.8648,PASS,2016-06-19 17:55:17
3.3,Info Launch,1.2321000000000002,PASS,2016-06-19 17:58:03
4a,VOD Launch Time,0.0,FAIL,2016-06-19 18:17:15
4b,VOD Launch Without Barker CH Display Time,4.5621,PASS,2016-06-19 18:23:50
3.1a,Menu Launch Time,1.7316000000000003,PASS,2016-06-19 18:29:59
3.2a,GuideLaunchTimeMsrmentWithoutPIP,1.7316,PASS,2016-06-19 18:33:25
3.4,DVR Launch,1.7316,PASS,2016-06-19 18:42:56
4b,VOD Launch Without Barker CH Display Time,5.4945,PASS,2016-06-19 18:56:51
1b,Measure Ten Channel Change Time,33.5664,PASS,2016-06-19 20:27:45
3.1a,Menu Launch Time,5.627700000000001,PASS,2016-06-19 20:36:49
3.2a,GuideLaunchTimeMsrmentWithoutPIP,2.1312,PASS,2016-06-19 20:40:45
3.3,Info Launch,0.8658000000000001,PASS,2016-06-19 20:42:53
3.4,DVR Launch,1.8315,PASS,2016-06-19 20:52:23
4a,VOD Launch Time,0.0,FAIL,2016-06-19 21:03:35
4b,VOD Launch Without Barker CH Display Time,0.0,FAIL,2016-06-19 21:15:41
1b,Measure Ten Channel Change Time,37.9287,PASS,2016-06-19 22:21:36
3.1a,Menu Launch Time,1.1322,PASS,2016-06-19 22:25:08
3.2a,GuideLaunchTimeMsrmentWithoutPIP,1.8648,PASS,2016-06-19 22:28:29
3.3,Info Launch,0.0,PASS,2016-06-19 22:38:26
3.4,DVR Launch,1.8981,PASS,2016-06-19 22:41:45
4b,VOD Launch Without Barker CH Display Time,5.7609,PASS,2016-06-19 22:55:45
1b,Measure Ten Channel Change Time,26.8731,FAIL,2016-06-20 00:06:42
3.1a,Menu Launch Time,1.8315000000000001,PASS,2016-06-20 00:09:50
3.2a,GuideLaunchTimeMsrmentWithoutPIP,1.8981,PASS,2016-06-20 00:12:59
3.3,Info Launch,0.0,PASS,2016-06-20 00:22:10
3.4,DVR Launch,1.7316,PASS,2016-06-20 00:25:59
4a,VOD Launch Time,0.0,FAIL,2016-06-20 00:37:32
4b,VOD Launch Without Barker CH Display Time,4.8951,PASS,2016-06-20 00:43:53
1b,Measure Ten Channel Change Time,35.5977,PASS,2016-06-20 01:50:12
3.1a,Menu Launch Time,1.1322,PASS,2016-06-20 01:52:31
3.2a,GuideLaunchTimeMsrmentWithoutPIP,2.2977,PASS,2016-06-20 01:56:28
3.3,Info Launch,0.8658000000000001,PASS,2016-06-20 01:58:37
3.4,DVR Launch,2.0979,PASS,2016-06-20 02:02:28
4a,VOD Launch Time,0.0,FAIL,2016-06-20 02:14:32
4b,VOD Launch Without Barker CH Display Time,4.1958,PASS,2016-06-20 02:20:12
1b,Measure Ten Channel Change Time,32.733900000000006,FAIL,2016-06-20 03:38:17
3.1a,Menu Launch Time,0.0,FAIL,2016-06-20 03:46:17
3.2a,GuideLaunchTimeMsrmentWithoutPIP,1.9314,PASS,2016-06-20 03:49:05
3.3,Info Launch,0.8325000000000001,PASS,2016-06-20 03:50:48
3.4,DVR Launch,1.6983,PASS,2016-06-20 03:53:03
4a,VOD Launch Time,0.0,FAIL,2016-06-20 04:02:40
4b,VOD Launch Without Barker CH Display Time,5.4945,PASS,2016-06-20 04:08:55
1b,Measure Ten Channel Change Time,27.7056,FAIL,2016-06-20 05:04:12
3.2a,GuideLaunchTimeMsrmentWithoutPIP,2.1312,PASS,2016-06-20 05:08:36
3.3,Info Launch,0.0,PASS,2016-06-20 05:16:05
3.4,DVR Launch,1.9647,PASS,2016-06-20 05:18:24
4a,VOD Launch Time,0.0,FAIL,2016-06-20 05:26:04
4b,VOD Launch Without Barker CH Display Time,4.062600000000001,PASS,2016-06-20 05:31:41
1b,Measure Ten Channel Change Time,33.8661,PASS,2016-06-20 06:23:22
3.4,DVR Launch,2.5641,PASS,2016-06-20 06:49:32
4a,VOD Launch Time,0.0,FAIL,2016-06-20 06:59:28
4b,VOD Launch Without Barker CH Display Time,4.6287,PASS,2016-06-20 07:05:04
1b,Measure Ten Channel Change Time,28.071900000000003,FAIL,2016-06-20 08:00:23
3.1a,Menu Launch Time,0.0,FAIL,2016-06-20 08:08:05
3.2a,GuideLaunchTimeMsrmentWithoutPIP,1.4319,PASS,2016-06-20 08:10:46
3.3,Info Launch,0.0,PASS,2016-06-20 08:18:22
3.4,DVR Launch,1.9314,PASS,2016-06-20 08:20:59
4a,VOD Launch Time,0.0,FAIL,2016-06-20 08:31:10
4b,VOD Launch Without Barker CH Display Time,4.4289000000000005,PASS,2016-06-20 08:35:57
1b,Measure Ten Channel Change Time,23.0103,FAIL,2016-06-20 09:23:03
3.1a,Menu Launch Time,1.6983000000000001,PASS,2016-06-20 09:25:35
3.2a,GuideLaunchTimeMsrmentWithoutPIP,2.4309,PASS,2016-06-20 09:28:26
3.3,Info Launch,1.2321000000000002,PASS,2016-06-20 09:30:28
3.4,DVR Launch,2.1978,PASS,2016-06-20 09:34:08
4a,VOD Launch Time,0.0,FAIL,2016-06-20 09:42:13
4b,VOD Launch Without Barker CH Display Time,5.2614,PASS,2016-06-20 09:45:52
1b,Measure Ten Channel Change Time,18.581400000000002,FAIL,2016-06-20 10:36:28
3.1a,Menu Launch Time,0.0333,PASS,2016-06-20 10:37:15
3.2a,GuideLaunchTimeMsrmentWithoutPIP,1.7316,PASS,2016-06-20 10:40:14
3.3,Info Launch,0.9324000000000001,PASS,2016-06-20 10:42:16
3.4,DVR Launch,1.5651,PASS,2016-06-20 10:45:07
4a,VOD Launch Time,0.0,FAIL,2016-06-20 10:53:50
4b,VOD Launch Without Barker CH Display Time,4.4289000000000005,PASS,2016-06-20 11:00:37
1b,Measure Ten Channel Change Time,19.8135,FAIL,2016-06-20 11:50:26
3.2a,GuideLaunchTimeMsrmentWithoutPIP,1.7649,PASS,2016-06-20 12:00:18
3.3,Info Launch,1.3653000000000002,PASS,2016-06-20 12:02:56
3.4,DVR Launch,1.8315,PASS,2016-06-20 12:05:35
4a,VOD Launch Time,0.0,FAIL,2016-06-20 12:14:59
4b,VOD Launch Without Barker CH Display Time,5.2281,PASS,2016-06-20 12:21:46
1b,Measure Ten Channel Change Time,28.771200000000004,FAIL,2016-06-20 13:11:37
3.1a,Menu Launch Time,1.8981000000000001,PASS,2016-06-20 13:13:49
3.2a,GuideLaunchTimeMsrmentWithoutPIP,1.8981,PASS,2016-06-20 13:16:20
3.3,Info Launch,1.3986,PASS,2016-06-20 13:18:50
3.4,DVR Launch,1.7649,PASS,2016-06-20 13:21:46
4a,VOD Launch Time,0.0,FAIL,2016-06-20 13:32:46
4b,VOD Launch Without Barker CH Display Time,4.928400000000001,PASS,2016-06-20 13:38:47
1b,Measure Ten Channel Change Time,24.408900000000003,FAIL,2016-06-20 14:39:28
3.1a,Menu Launch Time,0.0,FAIL,2016-06-20 14:47:11
3.2a,GuideLaunchTimeMsrmentWithoutPIP,1.6983,PASS,2016-06-20 14:49:30
3.3,Info Launch,0.9990000000000001,PASS,2016-06-20 14:51:31
3.4,DVR Launch,2.2977,PASS,2016-06-20 14:54:20
4a,VOD Launch Time,0.0,FAIL,2016-06-20 15:02:26
4b,VOD Launch Without Barker CH Display Time,4.7286,PASS,2016-06-20 15:06:56
1b,Measure Ten Channel Change Time,30.169800000000006,FAIL,2016-06-20 17:24:39
1b,Measure Ten Channel Change Time,29.304000000000006,FAIL,2016-06-20 18:19:42
1b,Measure Ten Channel Change Time,23.476499999999998,FAIL,2016-06-20 19:05:21
1b,Measure Ten Channel Change Time,24.1092,FAIL,2016-06-20 20:01:32
1b,Measure Ten Channel Change Time,32.3343,PASS,2016-06-20 20:45:15
1b,Measure Ten Channel Change Time,28.871100000000002,FAIL,2016-06-20 21:47:08
1b,Measure Ten Channel Change Time,38.06190000000001,PASS,2016-06-21 00:56:54
1b,Measure Ten Channel Change Time,21.578400000000002,FAIL,2016-06-21 03:19:57
1b,Measure Ten Channel Change Time,24.508800000000004,PASS,2016-06-21 05:05:04
1b,Measure Ten Channel Change Time,30.003300000000003,PASS,2016-06-21 07:02:51
1b,Measure Ten Channel Change Time,39.626999999999995,PASS,2016-06-21 09:27:05
1b,Measure Ten Channel Change Time,37.09620000000001,PASS,2016-06-21 11:39:36
1b,Measure Ten Channel Change Time,27.805500000000006,FAIL,2016-06-21 13:58:21
1b,Measure Ten Channel Change Time,26.073900000000005,PASS,2016-06-21 16:33:55
1b,Measure Ten Channel Change Time,31.035600000000006,PASS,2016-06-21 18:38:16
1b,Measure Ten Channel Change Time,27.938700000000004,FAIL,2016-06-21 20:37:12
3.1a,Menu Launch Time,0.7992000000000001,PASS,2016-06-21 22:22:27
3.2a,GuideLaunchTimeMsrmentWithoutPIP,1.5984,PASS,2016-06-21 22:25:47
3.3,Info Launch,0.5328,PASS,2016-06-21 22:27:36
3.4,DVR Launch,1.2987,PASS,2016-06-21 22:30:29
4b,VOD Launch Without Barker CH Display Time,3.5298000000000003,PASS,2016-06-21 22:38:09
3.1a,Menu Launch Time,0.7659,PASS,2016-06-21 22:40:23
3.2a,GuideLaunchTimeMsrmentWithoutPIP,1.332,PASS,2016-06-21 22:43:24
3.3,Info Launch,0.5994,PASS,2016-06-21 22:45:29
3.4,DVR Launch,0.6327,PASS,2016-06-21 22:47:18
4b,VOD Launch Without Barker CH Display Time,2.7639000000000005,PASS,2016-06-21 22:52:43
3.1a,Menu Launch Time,0.6327,PASS,2016-06-21 22:57:58
3.2a,GuideLaunchTimeMsrmentWithoutPIP,1.4319,PASS,2016-06-21 23:01:10
3.3,Info Launch,0.5328,PASS,2016-06-21 23:03:05
3.4,DVR Launch,0.9324,PASS,2016-06-21 23:05:35
4b,VOD Launch Without Barker CH Display Time,2.2644,PASS,2016-06-21 23:10:19
3.1a,Menu Launch Time,0.5328,PASS,2016-06-21 23:12:02
3.2a,GuideLaunchTimeMsrmentWithoutPIP,1.1322,PASS,2016-06-21 23:14:33
3.3,Info Launch,0.23310000000000003,PASS,2016-06-21 23:15:58
3.4,DVR Launch,0.8991,PASS,2016-06-21 23:18:34
4b,VOD Launch Without Barker CH Display Time,3.4632000000000005,PASS,2016-06-21 23:25:31
3.1a,Menu Launch Time,0.6993,PASS,2016-06-21 23:27:40
3.2a,GuideLaunchTimeMsrmentWithoutPIP,1.6983,PASS,2016-06-21 23:31:40
3.3,Info Launch,0.5661,PASS,2016-06-21 23:33:39
3.4,DVR Launch,0.5661,PASS,2016-06-21 23:35:23
4b,VOD Launch Without Barker CH Display Time,2.7972,PASS,2016-06-21 23:41:18
3.1a,Menu Launch Time,0.7992000000000001,PASS,2016-06-21 23:43:31
3.2a,GuideLaunchTimeMsrmentWithoutPIP,1.0656,PASS,2016-06-21 23:46:04
3.3,Info Launch,0.49950000000000006,PASS,2016-06-21 23:47:56
3.4,DVR Launch,0.8991,PASS,2016-06-21 23:50:17
4b,VOD Launch Without Barker CH Display Time,2.8971000000000005,PASS,2016-06-21 23:56:26
3.1a,Menu Launch Time,0.666,PASS,2016-06-21 23:58:25
3.2a,GuideLaunchTimeMsrmentWithoutPIP,1.4319,PASS,2016-06-22 00:01:48
3.3,Info Launch,0.5328,PASS,2016-06-22 00:03:44
3.4,DVR Launch,0.999,PASS,2016-06-22 00:06:11
4b,VOD Launch Without Barker CH Display Time,2.5308,PASS,2016-06-22 00:11:31
3.1a,Menu Launch Time,0.7992000000000001,PASS,2016-06-22 00:13:41
3.2a,GuideLaunchTimeMsrmentWithoutPIP,1.3986,PASS,2016-06-22 00:16:40
3.3,Info Launch,0.5661,PASS,2016-06-22 00:18:34
3.4,DVR Launch,1.2987,PASS,2016-06-22 00:21:57
4b,VOD Launch Without Barker CH Display Time,2.9970000000000003,PASS,2016-06-22 00:28:36
3.1a,Menu Launch Time,0.666,PASS,2016-06-22 00:30:34
3.2a,GuideLaunchTimeMsrmentWithoutPIP,1.2987,PASS,2016-06-22 00:33:26
3.3,Info Launch,0.49950000000000006,PASS,2016-06-22 00:35:17
3.4,DVR Launch,0.9657,PASS,2016-06-22 00:37:31
4b,VOD Launch Without Barker CH Display Time,2.5974000000000004,PASS,2016-06-22 00:42:58
3.1a,Menu Launch Time,0.7659,PASS,2016-06-22 00:45:13
3.2a,GuideLaunchTimeMsrmentWithoutPIP,1.4652,PASS,2016-06-22 00:48:23
3.3,Info Launch,0.49950000000000006,PASS,2016-06-22 00:50:24
3.4,DVR Launch,0.9324,PASS,2016-06-22 00:52:42
4b,VOD Launch Without Barker CH Display Time,2.3310000000000004,PASS,2016-06-22 00:57:37
3.1a,Menu Launch Time,0.7659,PASS,2016-06-22 00:59:33
3.2a,GuideLaunchTimeMsrmentWithoutPIP,1.6317,PASS,2016-06-22 01:02:55
3.3,Info Launch,0.43290000000000006,PASS,2016-06-22 01:04:44
3.4,DVR Launch,0.8658,PASS,2016-06-22 01:07:07
4b,VOD Launch Without Barker CH Display Time,2.5974000000000004,PASS,2016-06-22 01:12:39
3.1a,Menu Launch Time,0.6327,PASS,2016-06-22 01:14:31
3.2a,GuideLaunchTimeMsrmentWithoutPIP,1.4652,PASS,2016-06-22 01:17:54
3.3,Info Launch,0.5661,PASS,2016-06-22 01:19:28
3.4,DVR Launch,1.1322,PASS,2016-06-22 01:22:26
4b,VOD Launch Without Barker CH Display Time,2.8971000000000005,PASS,2016-06-22 01:28:43
3.1a,Menu Launch Time,0.7326,PASS,2016-06-22 01:30:52
3.2a,GuideLaunchTimeMsrmentWithoutPIP,1.4985,PASS,2016-06-22 01:34:11
3.3,Info Launch,0.49950000000000006,PASS,2016-06-22 01:36:13
3.4,DVR Launch,0.8991,PASS,2016-06-22 01:38:26
4b,VOD Launch Without Barker CH Display Time,2.4309000000000003,PASS,2016-06-22 01:43:46
3.1a,Menu Launch Time,0.6327,PASS,2016-06-22 01:45:33
3.2a,GuideLaunchTimeMsrmentWithoutPIP,1.5318,PASS,2016-06-22 01:49:07
3.3,Info Launch,0.5661,PASS,2016-06-22 01:51:00
3.4,DVR Launch,1.2987,PASS,2016-06-22 01:54:01
4b,VOD Launch Without Barker CH Display Time,2.9637000000000002,PASS,2016-06-22 02:00:15
3.1a,Menu Launch Time,0.7992000000000001,PASS,2016-06-22 02:02:33
3.2a,GuideLaunchTimeMsrmentWithoutPIP,1.4319,PASS,2016-06-22 02:05:47
3.3,Info Launch,0.49950000000000006,PASS,2016-06-22 02:07:38
3.4,DVR Launch,1.0656,PASS,2016-06-22 02:10:20
4b,VOD Launch Without Barker CH Display Time,2.5974000000000004,PASS,2016-06-22 02:15:41
3.1a,Menu Launch Time,0.7326,PASS,2016-06-22 02:18:01
3.2a,GuideLaunchTimeMsrmentWithoutPIP,1.2987,PASS,2016-06-22 02:21:11
3.3,Info Launch,0.6327,PASS,2016-06-22 02:23:18
3.4,DVR Launch,0.8325,PASS,2016-06-22 02:25:38
4b,VOD Launch Without Barker CH Display Time,2.5308,PASS,2016-06-22 02:31:34
3.1a,Menu Launch Time,0.7992000000000001,PASS,2016-06-22 02:33:49
3.2a,GuideLaunchTimeMsrmentWithoutPIP,1.4319,PASS,2016-06-22 02:37:18
3.3,Info Launch,0.6993,PASS,2016-06-22 02:39:28
3.4,DVR Launch,0.9324,PASS,2016-06-22 02:42:04
4b,VOD Launch Without Barker CH Display Time,2.4975,PASS,2016-06-22 02:47:25
3.1a,Menu Launch Time,0.6993,PASS,2016-06-22 02:49:29
3.2a,GuideLaunchTimeMsrmentWithoutPIP,1.1322,PASS,2016-06-22 02:52:02
3.3,Info Launch,0.5328,PASS,2016-06-22 02:53:51
3.4,DVR Launch,0.8991,PASS,2016-06-22 02:56:16
4b,VOD Launch Without Barker CH Display Time,2.3976,PASS,2016-06-22 03:01:56
3.1a,Menu Launch Time,0.7659,PASS,2016-06-22 03:03:57
3.2a,GuideLaunchTimeMsrmentWithoutPIP,1.4652,PASS,2016-06-22 03:07:03
3.3,Info Launch,0.5661,PASS,2016-06-22 03:09:02
3.4,DVR Launch,0.999,PASS,2016-06-22 03:11:47
4b,VOD Launch Without Barker CH Display Time,2.8638000000000003,PASS,2016-06-22 03:17:53
3.1a,Menu Launch Time,0.666,PASS,2016-06-22 03:19:50
3.2a,GuideLaunchTimeMsrmentWithoutPIP,1.3653,PASS,2016-06-22 03:23:05
3.3,Info Launch,0.5994,PASS,2016-06-22 03:25:07
3.4,DVR Launch,0.999,PASS,2016-06-22 03:27:42
4b,VOD Launch Without Barker CH Display Time,2.8971000000000005,PASS,2016-06-22 03:33:49
3.1a,Menu Launch Time,0.7326,PASS,2016-06-22 03:35:48
3.2a,GuideLaunchTimeMsrmentWithoutPIP,1.4319,PASS,2016-06-22 03:39:00
3.3,Info Launch,0.5994,PASS,2016-06-22 03:41:12
3.4,DVR Launch,1.0323,PASS,2016-06-22 03:43:51
4b,VOD Launch Without Barker CH Display Time,2.2311,PASS,2016-06-22 03:48:46
3.1a,Menu Launch Time,0.7659,PASS,2016-06-22 03:50:52
3.2a,GuideLaunchTimeMsrmentWithoutPIP,1.1655,PASS,2016-06-22 03:53:41
3.3,Info Launch,0.5661,PASS,2016-06-22 03:55:36
3.4,DVR Launch,0.9324,PASS,2016-06-22 03:58:01
4b,VOD Launch Without Barker CH Display Time,2.3976,PASS,2016-06-22 04:03:29
3.1a,Menu Launch Time,0.7659,PASS,2016-06-22 04:05:43
3.2a,GuideLaunchTimeMsrmentWithoutPIP,0,FAIL,2016-06-22 04:17:36
3.3,Info Launch,0.5661,PASS,2016-06-22 04:19:52
3.4,DVR Launch,0.9657,PASS,2016-06-22 04:22:25
4b,VOD Launch Without Barker CH Display Time,2.3310000000000004,PASS,2016-06-22 04:27:55
3.1a,Menu Launch Time,0.6993,PASS,2016-06-22 04:30:05
3.2a,GuideLaunchTimeMsrmentWithoutPIP,0,FAIL,2016-06-22 04:42:13
3.3,Info Launch,0.5328,PASS,2016-06-22 04:44:11
3.4,DVR Launch,1.0323,PASS,2016-06-22 04:46:47
4b,VOD Launch Without Barker CH Display Time,2.3643,PASS,2016-06-22 04:51:49
3.1a,Menu Launch Time,0.8325000000000001,PASS,2016-06-22 04:54:11
3.2a,GuideLaunchTimeMsrmentWithoutPIP,0,FAIL,2016-06-22 05:05:41
3.3,Info Launch,0.3663,PASS,2016-06-22 05:07:18
3.4,DVR Launch,1.4319,PASS,2016-06-22 05:10:46
4b,VOD Launch Without Barker CH Display Time,2.5308,PASS,2016-06-22 05:16:10
3.1a,Menu Launch Time,0.7659,PASS,2016-06-22 05:18:26
3.2a,GuideLaunchTimeMsrmentWithoutPIP,1.1988,PASS,2016-06-22 05:20:58
3.3,Info Launch,0.5328,PASS,2016-06-22 05:22:52
3.4,DVR Launch,1.0323,PASS,2016-06-22 05:25:13
4b,VOD Launch Without Barker CH Display Time,2.3643,PASS,2016-06-22 05:30:34
3.1a,Menu Launch Time,0.7326,PASS,2016-06-22 05:32:41
3.2a,GuideLaunchTimeMsrmentWithoutPIP,1.2987,PASS,2016-06-22 05:35:49
3.3,Info Launch,0.5661,PASS,2016-06-22 05:37:44
3.4,DVR Launch,0.8991,PASS,2016-06-22 05:40:17
4b,VOD Launch Without Barker CH Display Time,2.4975,PASS,2016-06-22 05:45:50
3.1a,Menu Launch Time,0.8325000000000001,PASS,2016-06-22 05:47:58
3.2a,GuideLaunchTimeMsrmentWithoutPIP,1.5984,PASS,2016-06-22 05:51:44
3.3,Info Launch,0.49950000000000006,PASS,2016-06-22 05:53:34
3.4,DVR Launch,0.9324,PASS,2016-06-22 05:55:54
4b,VOD Launch Without Barker CH Display Time,2.5308,PASS,2016-06-22 06:01:20
3.1a,Menu Launch Time,0.8325000000000001,PASS,2016-06-22 06:03:35
3.2a,GuideLaunchTimeMsrmentWithoutPIP,1.3653,PASS,2016-06-22 06:06:37
3.3,Info Launch,0.49950000000000006,PASS,2016-06-22 06:08:33
3.4,DVR Launch,0.9657,PASS,2016-06-22 06:11:13
4b,VOD Launch Without Barker CH Display Time,2.5974000000000004,PASS,2016-06-22 06:16:44
3.1a,Menu Launch Time,0.7992000000000001,PASS,2016-06-22 06:18:32
3.2a,GuideLaunchTimeMsrmentWithoutPIP,1.4319,PASS,2016-06-22 06:21:43
3.3,Info Launch,0.5661,PASS,2016-06-22 06:23:46
3.4,DVR Launch,1.0323,PASS,2016-06-22 06:26:11
4b,VOD Launch Without Barker CH Display Time,2.5308,PASS,2016-06-22 06:31:50
3.1a,Menu Launch Time,0.8991000000000001,PASS,2016-06-22 06:34:16
3.2a,GuideLaunchTimeMsrmentWithoutPIP,1.4319,PASS,2016-06-22 06:37:34
3.3,Info Launch,0.5328,PASS,2016-06-22 06:39:31
3.4,DVR Launch,0.999,PASS,2016-06-22 06:41:58
4b,VOD Launch Without Barker CH Display Time,2.7639000000000005,PASS,2016-06-22 06:47:38
3.1a,Menu Launch Time,0.9324000000000001,PASS,2016-06-22 06:50:09
3.2a,GuideLaunchTimeMsrmentWithoutPIP,1.2321,PASS,2016-06-22 06:53:12
3.3,Info Launch,0.6327,PASS,2016-06-22 06:55:19
3.4,DVR Launch,0.999,PASS,2016-06-22 06:58:10
4b,VOD Launch Without Barker CH Display Time,2.7306000000000004,PASS,2016-06-22 07:03:55
3.1a,Menu Launch Time,0.8325000000000001,PASS,2016-06-22 07:06:08
3.2a,GuideLaunchTimeMsrmentWithoutPIP,1.5984,PASS,2016-06-22 07:09:35
3.3,Info Launch,0.5994,PASS,2016-06-22 07:11:33
3.4,DVR Launch,0.9657,PASS,2016-06-22 07:14:04
4b,VOD Launch Without Barker CH Display Time,2.6973000000000003,PASS,2016-06-22 07:19:54
3.1a,Menu Launch Time,0.7659,PASS,2016-06-22 07:22:14
3.2a,GuideLaunchTimeMsrmentWithoutPIP,1.5318,PASS,2016-06-22 07:26:03
3.3,Info Launch,0.5661,PASS,2016-06-22 07:28:12
3.4,DVR Launch,1.1988,PASS,2016-06-22 07:31:07
4b,VOD Launch Without Barker CH Display Time,2.8638000000000003,PASS,2016-06-22 07:36:49
3.1a,Menu Launch Time,0.8658000000000001,PASS,2016-06-22 07:39:15
3.2a,GuideLaunchTimeMsrmentWithoutPIP,1.4652,PASS,2016-06-22 07:42:25
3.3,Info Launch,0.666,PASS,2016-06-22 07:44:28
3.4,DVR Launch,0.999,PASS,2016-06-22 07:47:12
4b,VOD Launch Without Barker CH Display Time,3.0636,PASS,2016-06-22 07:55:16
3.1a,Menu Launch Time,0.7659,PASS,2016-06-22 07:57:18
3.2a,GuideLaunchTimeMsrmentWithoutPIP,1.5984,PASS,2016-06-22 08:00:43
3.3,Info Launch,0.5994,PASS,2016-06-22 08:02:49
3.4,DVR Launch,1.0323,PASS,2016-06-22 08:05:14
4b,VOD Launch Without Barker CH Display Time,2.7639000000000005,PASS,2016-06-22 08:11:18
3.1a,Menu Launch Time,0.7659,PASS,2016-06-22 08:13:19
3.2a,GuideLaunchTimeMsrmentWithoutPIP,1.998,PASS,2016-06-22 08:17:25
3.3,Info Launch,0.5994,PASS,2016-06-22 08:19:23
3.4,DVR Launch,1.1988,PASS,2016-06-22 08:22:22
4b,VOD Launch Without Barker CH Display Time,2.8305000000000002,PASS,2016-06-22 08:28:31
3.1a,Menu Launch Time,0.7992000000000001,PASS,2016-06-22 08:30:50
3.2a,GuideLaunchTimeMsrmentWithoutPIP,1.332,PASS,2016-06-22 08:33:41
3.3,Info Launch,0.5994,PASS,2016-06-22 08:35:39
3.4,DVR Launch,0.999,PASS,2016-06-22 08:38:05
4b,VOD Launch Without Barker CH Display Time,2.8971000000000005,PASS,2016-06-22 08:44:26
3.1a,Menu Launch Time,0.7326,PASS,2016-06-22 08:46:46
3.2a,GuideLaunchTimeMsrmentWithoutPIP,1.4652,PASS,2016-06-22 08:50:01
3.3,Info Launch,0.6993,PASS,2016-06-22 08:52:04
3.4,DVR Launch,1.1655,PASS,2016-06-22 08:54:52
4b,VOD Launch Without Barker CH Display Time,2.7306000000000004,PASS,2016-06-22 09:00:05
3.1a,Menu Launch Time,1.0989000000000002,PASS,2016-06-22 09:02:42
3.2a,GuideLaunchTimeMsrmentWithoutPIP,1.2321,PASS,2016-06-22 09:05:15
3.3,Info Launch,0.6327,PASS,2016-06-22 09:07:11
3.4,DVR Launch,1.1322,PASS,2016-06-22 09:09:52
4b,VOD Launch Without Barker CH Display Time,3.3300000000000005,PASS,2016-06-22 09:16:22
1b,Measure Ten Channel Change Time,27.938700000000004,FAIL,2016-06-22 14:50:59
1b,Measure Ten Channel Change Time,38.06190000000001,PASS,2016-06-22 23:35:31
1b,Measure Ten Channel Change Time,37.99530000000001,PASS,2016-06-23 01:09:20
1b,Measure Ten Channel Change Time,33.0669,PASS,2016-06-23 02:48:23
1b,Measure Ten Channel Change Time,34.965,PASS,2016-06-23 04:51:37
1b,Measure Ten Channel Change Time,30.436200000000007,PASS,2016-06-23 06:15:47
1b,Measure Ten Channel Change Time,35.497800000000005,PASS,2016-06-23 08:18:40
1b,Measure Ten Channel Change Time,26.939700000000002,PASS,2016-06-23 09:54:28
1b,Measure Ten Channel Change Time,38.5281,PASS,2016-06-23 11:55:35
