1b,Measure Ten Channel Change Time,32.600699999999996,PASS,2016-06-01 22:53:54
1b,Measure Ten Channel Change Time,35.2314,PASS,2016-06-01 23:30:50
1b,Measure Ten Channel Change Time,31.235400000000002,PASS,2016-06-01 23:57:32
1b,Measure Ten Channel Change Time,24.475500000000004,PASS,2016-06-02 00:27:03
1b,Measure Ten Channel Change Time,26.773200000000003,PASS,2016-06-02 01:01:18
1b,Measure Ten Channel Change Time,32.16780000000001,PASS,2016-06-02 01:34:38
1b,Measure Ten Channel Change Time,29.07090000000001,PASS,2016-06-02 02:08:08
1b,Measure Ten Channel Change Time,24.975,PASS,2016-06-02 02:42:01
1b,Measure Ten Channel Change Time,28.1385,PASS,2016-06-02 03:06:00
3.1a,Menu Launch Time,0.46620000000000006,PASS,2016-06-02 03:16:01
3.2a,GuideLaunchTimeMsrmentWithoutPIP,1.1322,PASS,2016-06-02 03:17:34
3.3,Info Launch,0.333,PASS,2016-06-02 03:18:32
3.4,DVR Launch,1.665,PASS,2016-06-02 03:20:16
3.1a,Menu Launch Time,0.5661,PASS,2016-06-02 03:21:17
3.2a,GuideLaunchTimeMsrmentWithoutPIP,0.8991,PASS,2016-06-02 03:22:32
3.3,Info Launch,0.2664,PASS,2016-06-02 03:23:29
3.4,DVR Launch,2.2977,PASS,2016-06-02 03:25:24
3.1a,Menu Launch Time,0.49950000000000006,PASS,2016-06-02 03:26:22
3.2a,GuideLaunchTimeMsrmentWithoutPIP,0.7659,PASS,2016-06-02 03:27:36
3.3,Info Launch,0.2997,PASS,2016-06-02 03:28:37
3.4,DVR Launch,2.3643,PASS,2016-06-02 03:30:36
3.1a,Menu Launch Time,0.5328,PASS,2016-06-02 03:31:35
3.2a,GuideLaunchTimeMsrmentWithoutPIP,0.8658,PASS,2016-06-02 03:32:47
3.3,Info Launch,0.6993,PASS,2016-06-02 03:34:13
3.4,DVR Launch,2.1978,PASS,2016-06-02 03:36:02
3.1a,Menu Launch Time,0.6327,PASS,2016-06-02 03:37:06
3.2a,GuideLaunchTimeMsrmentWithoutPIP,0.7992,PASS,2016-06-02 03:38:18
3.3,Info Launch,0.2664,PASS,2016-06-02 03:39:17
3.4,DVR Launch,2.2644,PASS,2016-06-02 03:41:16
3.1a,Menu Launch Time,0.8658000000000001,PASS,2016-06-02 03:42:35
3.2a,GuideLaunchTimeMsrmentWithoutPIP,0.8658,PASS,2016-06-02 03:43:47
3.3,Info Launch,0.2664,PASS,2016-06-02 03:44:41
3.4,DVR Launch,2.1978,PASS,2016-06-02 03:46:27
3.1a,Menu Launch Time,0.5994,PASS,2016-06-02 03:47:30
3.2a,GuideLaunchTimeMsrmentWithoutPIP,0.8991,PASS,2016-06-02 03:48:48
3.3,Info Launch,0.2664,PASS,2016-06-02 03:49:48
3.4,DVR Launch,2.1978,PASS,2016-06-02 03:51:38
3.1a,Menu Launch Time,0.666,PASS,2016-06-02 03:52:51
3.2a,GuideLaunchTimeMsrmentWithoutPIP,0.8658,PASS,2016-06-02 03:54:06
3.3,Info Launch,0.2664,PASS,2016-06-02 03:55:08
3.4,DVR Launch,2.0979,PASS,2016-06-02 03:56:57
3.1a,Menu Launch Time,0.49950000000000006,PASS,2016-06-02 03:57:56
3.2a,GuideLaunchTimeMsrmentWithoutPIP,1.0323,PASS,2016-06-02 03:59:27
3.3,Info Launch,0.2664,PASS,2016-06-02 04:00:27
3.4,DVR Launch,2.1978,PASS,2016-06-02 04:02:32
3.1a,Menu Launch Time,0.6327,PASS,2016-06-02 04:03:48
3.2a,GuideLaunchTimeMsrmentWithoutPIP,0,FAIL,2016-06-02 04:08:18
3.3,Info Launch,0.23310000000000003,PASS,2016-06-02 04:09:17
3.4,DVR Launch,2.2977,PASS,2016-06-02 04:11:43
3.1a,Menu Launch Time,0.5661,PASS,2016-06-02 04:13:01
3.2a,GuideLaunchTimeMsrmentWithoutPIP,0,FAIL,2016-06-02 04:17:02
3.3,Info Launch,0.2997,PASS,2016-06-02 04:18:07
3.4,DVR Launch,2.3643,PASS,2016-06-02 04:20:48
3.1a,Menu Launch Time,0.6327,PASS,2016-06-02 04:22:13
3.2a,GuideLaunchTimeMsrmentWithoutPIP,0,FAIL,2016-06-02 04:26:44
3.3,Info Launch,0.23310000000000003,PASS,2016-06-02 04:27:45
3.4,DVR Launch,2.1978,PASS,2016-06-02 04:30:13
3.1a,Menu Launch Time,0.5661,PASS,2016-06-02 04:31:23
3.2a,GuideLaunchTimeMsrmentWithoutPIP,0,FAIL,2016-06-02 04:35:03
3.3,Info Launch,0.23310000000000003,PASS,2016-06-02 04:36:05
3.4,DVR Launch,1.5318,PASS,2016-06-02 04:38:17
3.1a,Menu Launch Time,0.5994,PASS,2016-06-02 04:39:37
3.2a,GuideLaunchTimeMsrmentWithoutPIP,0,FAIL,2016-06-02 04:43:21
3.3,Info Launch,0.333,PASS,2016-06-02 04:44:28
3.4,DVR Launch,1.998,PASS,2016-06-02 04:46:50
3.1a,Menu Launch Time,0.5994,PASS,2016-06-02 04:48:08
3.2a,GuideLaunchTimeMsrmentWithoutPIP,0,FAIL,2016-06-02 04:51:54
3.3,Info Launch,0.2997,PASS,2016-06-02 04:53:01
3.4,DVR Launch,2.331,PASS,2016-06-02 04:55:37
3.1a,Menu Launch Time,0.5661,PASS,2016-06-02 04:56:42
3.2a,GuideLaunchTimeMsrmentWithoutPIP,0,FAIL,2016-06-02 05:00:48
3.3,Info Launch,0.19980000000000003,PASS,2016-06-02 05:01:39
3.4,DVR Launch,2.0979,PASS,2016-06-02 05:03:35
3.1a,Menu Launch Time,0.5661,PASS,2016-06-02 05:04:41
3.2a,GuideLaunchTimeMsrmentWithoutPIP,0.8658,PASS,2016-06-02 05:06:02
3.3,Info Launch,0.2664,PASS,2016-06-02 05:06:59
3.4,DVR Launch,2.2311,PASS,2016-06-02 05:08:54
3.1a,Menu Launch Time,0.5661,PASS,2016-06-02 05:10:02
3.2a,GuideLaunchTimeMsrmentWithoutPIP,0.8325,PASS,2016-06-02 05:11:15
3.3,Info Launch,0.2664,PASS,2016-06-02 05:12:17
3.4,DVR Launch,2.2644,PASS,2016-06-02 05:14:07
3.1a,Menu Launch Time,0.5994,PASS,2016-06-02 05:15:22
3.2a,GuideLaunchTimeMsrmentWithoutPIP,0.8991,PASS,2016-06-02 05:16:34
3.3,Info Launch,0.2664,PASS,2016-06-02 05:17:29
3.4,DVR Launch,2.2311,PASS,2016-06-02 05:19:05
3.1a,Menu Launch Time,0.5661,PASS,2016-06-02 05:20:07
3.2a,GuideLaunchTimeMsrmentWithoutPIP,0.7992,PASS,2016-06-02 05:21:15
3.3,Info Launch,0.2997,PASS,2016-06-02 05:22:13
3.4,DVR Launch,1.3653,PASS,2016-06-02 05:23:32
4a,VOD Launch Time,6.526800000000001,PASS,2016-06-02 09:47:00
4b,VOD Launch Without Barker CH Display Time,2.8305000000000002,PASS,2016-06-02 09:49:29
4c,VOD View Trailer Time,0.0,FAIL,2016-06-02 09:55:14
4a,VOD Launch Time,3.4965,PASS,2016-06-02 09:58:36
4b,VOD Launch Without Barker CH Display Time,3.5964000000000005,PASS,2016-06-02 10:02:20
4c,VOD View Trailer Time,0.0,FAIL,2016-06-02 10:07:42
4a,VOD Launch Time,4.495500000000001,PASS,2016-06-02 10:12:43
4b,VOD Launch Without Barker CH Display Time,2.7306000000000004,PASS,2016-06-02 10:15:29
4c,VOD View Trailer Time,5.2281,PASS,2016-06-02 10:20:19
4a,VOD Launch Time,4.229100000000001,PASS,2016-06-02 10:25:07
4b,VOD Launch Without Barker CH Display Time,5.1282000000000005,PASS,2016-06-02 10:29:50
4c,VOD View Trailer Time,0.7326,PASS,2016-06-02 10:31:43
4a,VOD Launch Time,5.028300000000001,PASS,2016-06-02 10:36:42
4b,VOD Launch Without Barker CH Display Time,3.1302000000000003,PASS,2016-06-02 10:39:36
4c,VOD View Trailer Time,0.5661,PASS,2016-06-02 10:41:35
4a,VOD Launch Time,6.060600000000001,PASS,2016-06-02 10:47:20
4b,VOD Launch Without Barker CH Display Time,5.294700000000001,PASS,2016-06-02 10:51:45
4c,VOD View Trailer Time,0.0,FAIL,2016-06-02 10:57:32
4a,VOD Launch Time,5.1615,PASS,2016-06-02 11:04:56
4b,VOD Launch Without Barker CH Display Time,2.9304,PASS,2016-06-02 11:07:56
4c,VOD View Trailer Time,5.2614,PASS,2016-06-02 11:12:43
4a,VOD Launch Time,4.4289000000000005,PASS,2016-06-02 11:17:15
4b,VOD Launch Without Barker CH Display Time,3.5298000000000003,PASS,2016-06-02 11:19:51
4c,VOD View Trailer Time,5.4279,PASS,2016-06-02 11:24:43
4a,VOD Launch Time,3.1635000000000004,PASS,2016-06-02 11:28:18
4b,VOD Launch Without Barker CH Display Time,4.1958,PASS,2016-06-02 11:31:48
4c,VOD View Trailer Time,1.3653000000000002,PASS,2016-06-02 11:34:10
4a,VOD Launch Time,4.062600000000001,PASS,2016-06-02 11:38:51
4b,VOD Launch Without Barker CH Display Time,3.6963000000000004,PASS,2016-06-02 11:42:27
4c,VOD View Trailer Time,0.6993,PASS,2016-06-02 11:44:24
4a,VOD Launch Time,4.229100000000001,PASS,2016-06-02 11:48:55
4b,VOD Launch Without Barker CH Display Time,3.7962000000000002,PASS,2016-06-02 11:52:42
4c,VOD View Trailer Time,4.995,PASS,2016-06-02 11:57:23
4a,VOD Launch Time,3.6630000000000003,PASS,2016-06-02 12:01:08
4b,VOD Launch Without Barker CH Display Time,2.5308,PASS,2016-06-02 12:03:54
4c,VOD View Trailer Time,0.0,FAIL,2016-06-02 12:09:41
4a,VOD Launch Time,4.4289000000000005,PASS,2016-06-02 12:14:19
4b,VOD Launch Without Barker CH Display Time,7.525800000000001,PASS,2016-06-02 12:20:52
4c,VOD View Trailer Time,4.395600000000001,PASS,2016-06-02 12:25:05
4a,VOD Launch Time,3.3966000000000003,PASS,2016-06-02 12:29:13
4b,VOD Launch Without Barker CH Display Time,2.7972,PASS,2016-06-02 12:32:05
4c,VOD View Trailer Time,5.794200000000001,PASS,2016-06-02 12:37:01
4a,VOD Launch Time,5.794200000000001,PASS,2016-06-02 12:42:35
4b,VOD Launch Without Barker CH Display Time,4.395600000000001,PASS,2016-06-02 12:46:22
4c,VOD View Trailer Time,5.194800000000001,PASS,2016-06-02 12:50:37
4a,VOD Launch Time,5.1282000000000005,PASS,2016-06-02 12:56:09
4b,VOD Launch Without Barker CH Display Time,3.6963000000000004,PASS,2016-06-02 12:59:16
4c,VOD View Trailer Time,4.4289000000000005,PASS,2016-06-02 13:02:31
4a,VOD Launch Time,3.5298000000000003,PASS,2016-06-02 13:07:03
4b,VOD Launch Without Barker CH Display Time,3.4965,PASS,2016-06-02 13:09:41
4c,VOD View Trailer Time,4.5621,PASS,2016-06-02 13:12:51
4a,VOD Launch Time,3.4965,PASS,2016-06-02 13:15:49
4b,VOD Launch Without Barker CH Display Time,2.6973000000000003,PASS,2016-06-02 13:17:46
4c,VOD View Trailer Time,4.4289000000000005,PASS,2016-06-02 13:20:52
4a,VOD Launch Time,3.5298000000000003,PASS,2016-06-02 13:23:37
4b,VOD Launch Without Barker CH Display Time,2.8638000000000003,PASS,2016-06-02 13:25:47
4c,VOD View Trailer Time,4.5288,PASS,2016-06-02 13:28:55
4a,VOD Launch Time,3.2634000000000003,PASS,2016-06-02 13:31:40
4b,VOD Launch Without Barker CH Display Time,2.7639000000000005,PASS,2016-06-02 13:33:52
4c,VOD View Trailer Time,4.595400000000001,PASS,2016-06-02 13:37:02
3.1a,Menu Launch Time,0.8658000000000001,PASS,2016-06-06 22:43:35
3.1,Menu Launch Time,1.4319000000000002,PASS,2016-06-06 22:46:27
3.2a,GuideLaunchTimeMsrmentWithoutPIP,0,FAIL,2016-06-06 22:54:32
4a,VOD Launch Time,0.0,FAIL,2016-06-06 23:03:48
4b,VOD Launch Without Barker CH Display Time,6.1272,PASS,2016-06-06 23:09:18
4c,VOD View Trailer Time,5.4945,PASS,2016-06-06 23:14:02
3.1,Menu Launch Time,1.3986,PASS,2016-06-06 23:15:51
3.2a,GuideLaunchTimeMsrmentWithoutPIP,1.6983,PASS,2016-06-06 23:17:49
3.2,Guide Launch,0,FAIL,2016-06-06 23:21:21
3.3,Info Launch,0.5328,PASS,2016-06-06 23:22:27
3.4,DVR Launch,0.7659,FAIL,2016-06-06 23:28:20
3.1a,Menu Launch Time,0.9990000000000001,PASS,2016-06-07 14:27:24
3.1,Menu Launch Time,1.4652,PASS,2016-06-07 14:28:54
3.2a,GuideLaunchTimeMsrmentWithoutPIP,0,FAIL,2016-06-07 14:35:48
4a,VOD Launch Time,7.625700000000001,PASS,2016-06-07 14:44:59
4c,VOD View Trailer Time,5.294700000000001,PASS,2016-06-07 14:54:36
3.1,Menu Launch Time,1.5651000000000002,PASS,2016-06-07 14:57:45
3.2a,GuideLaunchTimeMsrmentWithoutPIP,1.6317,PASS,2016-06-07 15:01:54
3.3,Info Launch,0.5328,PASS,2016-06-07 15:06:25
3.4,DVR Launch,0.7659,FAIL,2016-06-07 15:14:58
3.1a,Menu Launch Time,0.9990000000000001,PASS,2016-06-07 15:17:28
3.1,Menu Launch Time,1.1988,PASS,2016-06-07 15:19:48
3.2a,GuideLaunchTimeMsrmentWithoutPIP,1.2987,PASS,2016-06-07 15:22:26
4b,VOD Launch Without Barker CH Display Time,6.493500000000001,PASS,2016-06-07 15:45:41
4c,VOD View Trailer Time,0.5994,PASS,2016-06-07 15:48:19
3.1,Menu Launch Time,1.6650000000000003,PASS,2016-06-07 15:51:54
3.2a,GuideLaunchTimeMsrmentWithoutPIP,1.5318,PASS,2016-06-07 15:56:44
3.3,Info Launch,0.6327,PASS,2016-06-07 16:01:51
3.4,DVR Launch,0.7992,FAIL,2016-06-07 16:12:24
3.1a,Menu Launch Time,1.0323,PASS,2016-06-07 16:14:44
3.1,Menu Launch Time,1.5318,PASS,2016-06-07 16:17:44
3.2a,GuideLaunchTimeMsrmentWithoutPIP,1.4319,PASS,2016-06-07 16:21:05
4a,VOD Launch Time,7.459200000000001,PASS,2016-06-07 16:35:24
4b,VOD Launch Without Barker CH Display Time,5.994000000000001,PASS,2016-06-07 16:46:24
4c,VOD View Trailer Time,4.995,PASS,2016-06-07 16:55:06
3.1,Menu Launch Time,1.9647000000000001,PASS,2016-06-07 16:59:27
3.2a,GuideLaunchTimeMsrmentWithoutPIP,1.5984,PASS,2016-06-07 17:03:07
3.2,Guide Launch,0,FAIL,2016-06-07 17:10:34
3.3,Info Launch,0.7326,PASS,2016-06-07 17:12:31
3.4,DVR Launch,1.4319,FAIL,2016-06-07 17:24:35
3.1a,Menu Launch Time,0.8658000000000001,PASS,2016-06-07 17:27:39
3.1,Menu Launch Time,1.6317000000000002,PASS,2016-06-07 17:32:13
3.2a,GuideLaunchTimeMsrmentWithoutPIP,1.3653,PASS,2016-06-07 17:36:35
4a,VOD Launch Time,0.0,FAIL,2016-06-07 17:52:59
4b,VOD Launch Without Barker CH Display Time,7.492500000000001,PASS,2016-06-07 18:06:16
4c,VOD View Trailer Time,5.3946000000000005,PASS,2016-06-07 18:14:12
3.1,Menu Launch Time,1.5984000000000003,PASS,2016-06-07 18:17:39
3.2a,GuideLaunchTimeMsrmentWithoutPIP,1.7649,PASS,2016-06-07 18:21:51
3.3,Info Launch,0.333,PASS,2016-06-07 18:26:14
3.4,DVR Launch,0.7659,FAIL,2016-06-07 18:37:55
3.1a,Menu Launch Time,1.0323,PASS,2016-06-07 18:40:36
3.1,Menu Launch Time,1.5984000000000003,PASS,2016-06-07 18:43:58
3.2a,GuideLaunchTimeMsrmentWithoutPIP,1.5984,PASS,2016-06-07 18:46:57
4a,VOD Launch Time,0.0,FAIL,2016-06-07 19:05:17
4b,VOD Launch Without Barker CH Display Time,5.2614,PASS,2016-06-07 19:16:52
4c,VOD View Trailer Time,5.294700000000001,PASS,2016-06-07 19:26:43
3.1,Menu Launch Time,1.4319000000000002,PASS,2016-06-07 19:30:16
3.2a,GuideLaunchTimeMsrmentWithoutPIP,1.9647,PASS,2016-06-07 19:35:03
3.3,Info Launch,0.6327,PASS,2016-06-07 19:40:58
3.4,DVR Launch,0.5328,FAIL,2016-06-07 19:55:30
3.1a,Menu Launch Time,0.8325000000000001,PASS,2016-06-07 19:57:39
3.1,Menu Launch Time,1.4985000000000002,PASS,2016-06-07 20:00:42
3.2a,GuideLaunchTimeMsrmentWithoutPIP,1.4319,PASS,2016-06-07 20:03:35
4a,VOD Launch Time,7.2594,PASS,2016-06-07 20:15:19
4b,VOD Launch Without Barker CH Display Time,6.260400000000001,PASS,2016-06-07 20:27:57
4c,VOD View Trailer Time,5.328,PASS,2016-06-07 20:35:27
3.1,Menu Launch Time,1.8648000000000002,PASS,2016-06-07 20:39:12
3.2a,GuideLaunchTimeMsrmentWithoutPIP,1.6983,PASS,2016-06-07 20:42:17
3.3,Info Launch,0.6327,PASS,2016-06-07 20:50:18
3.4,DVR Launch,0.7659,FAIL,2016-06-07 21:02:00
3.1a,Menu Launch Time,1.1988,PASS,2016-06-07 21:04:46
3.1,Menu Launch Time,1.6650000000000003,PASS,2016-06-07 21:08:11
3.2a,GuideLaunchTimeMsrmentWithoutPIP,1.4652,PASS,2016-06-07 21:11:19
4a,VOD Launch Time,0.0,FAIL,2016-06-07 21:27:50
4b,VOD Launch Without Barker CH Display Time,6.1272,PASS,2016-06-07 21:37:34
3.1,Menu Launch Time,1.6317000000000002,PASS,2016-06-07 21:49:32
3.2a,GuideLaunchTimeMsrmentWithoutPIP,1.665,PASS,2016-06-07 21:53:00
3.3,Info Launch,0.7326,PASS,2016-06-07 21:57:43
3.4,DVR Launch,0.9324,FAIL,2016-06-07 22:07:03
3.1a,Menu Launch Time,1.0323,PASS,2016-06-07 22:09:57
3.1,Menu Launch Time,1.6650000000000003,PASS,2016-06-07 22:13:34
3.2a,GuideLaunchTimeMsrmentWithoutPIP,1.9314,PASS,2016-06-07 22:17:57
4a,VOD Launch Time,0.0,FAIL,2016-06-07 22:31:55
4b,VOD Launch Without Barker CH Display Time,6.593400000000001,PASS,2016-06-07 22:42:56
4c,VOD View Trailer Time,5.4279,PASS,2016-06-07 22:52:18
3.1,Menu Launch Time,1.7982000000000002,PASS,2016-06-07 22:55:29
3.2a,GuideLaunchTimeMsrmentWithoutPIP,1.7982,PASS,2016-06-07 22:58:53
3.3,Info Launch,0.5994,PASS,2016-06-07 23:04:20
3.1a,Menu Launch Time,1.1322,PASS,2016-06-07 23:07:21
3.1,Menu Launch Time,1.4652,PASS,2016-06-07 23:10:37
3.2a,GuideLaunchTimeMsrmentWithoutPIP,1.3986,PASS,2016-06-07 23:13:43
4a,VOD Launch Time,0.0,FAIL,2016-06-07 23:29:24
4b,VOD Launch Without Barker CH Display Time,6.526800000000001,PASS,2016-06-07 23:40:00
4c,VOD View Trailer Time,5.1615,PASS,2016-06-07 23:48:29
3.1,Menu Launch Time,1.6650000000000003,PASS,2016-06-07 23:51:40
3.2a,GuideLaunchTimeMsrmentWithoutPIP,1.7982,PASS,2016-06-07 23:55:32
3.3,Info Launch,0.7326,PASS,2016-06-08 00:02:27
3.4,DVR Launch,0.6327,FAIL,2016-06-08 00:14:44
3.1a,Menu Launch Time,1.0656,PASS,2016-06-08 00:17:24
3.1,Menu Launch Time,1.6650000000000003,PASS,2016-06-08 00:20:41
3.2a,GuideLaunchTimeMsrmentWithoutPIP,1.5651,PASS,2016-06-08 00:23:25
4a,VOD Launch Time,0.0,FAIL,2016-06-08 00:37:08
4b,VOD Launch Without Barker CH Display Time,7.226100000000001,PASS,2016-06-08 00:50:59
4c,VOD View Trailer Time,5.6943,PASS,2016-06-08 00:57:55
3.1,Menu Launch Time,2.1978000000000004,PASS,2016-06-08 01:01:51
3.2a,GuideLaunchTimeMsrmentWithoutPIP,1.7316,PASS,2016-06-08 01:05:42
3.3,Info Launch,0.8325000000000001,PASS,2016-06-08 01:14:25
3.4,DVR Launch,0.9324,FAIL,2016-06-08 01:25:32
3.1a,Menu Launch Time,1.0656,PASS,2016-06-08 01:28:08
3.1,Menu Launch Time,1.5651000000000002,PASS,2016-06-08 01:31:19
3.2a,GuideLaunchTimeMsrmentWithoutPIP,1.4985,PASS,2016-06-08 01:34:06
4a,VOD Launch Time,0.0,FAIL,2016-06-08 01:50:29
4b,VOD Launch Without Barker CH Display Time,7.192800000000001,PASS,2016-06-08 02:03:41
4c,VOD View Trailer Time,5.561100000000001,PASS,2016-06-08 02:12:33
3.1,Menu Launch Time,1.6650000000000003,PASS,2016-06-08 02:15:47
3.2a,GuideLaunchTimeMsrmentWithoutPIP,1.8315,PASS,2016-06-08 02:19:44
3.3,Info Launch,0.9657000000000001,PASS,2016-06-08 02:25:01
3.4,DVR Launch,0.999,FAIL,2016-06-08 02:37:40
3.1a,Menu Launch Time,1.1988,PASS,2016-06-08 02:40:45
3.1,Menu Launch Time,1.6650000000000003,PASS,2016-06-08 02:44:10
3.2a,GuideLaunchTimeMsrmentWithoutPIP,2.0313,PASS,2016-06-08 02:48:15
4a,VOD Launch Time,0.0,FAIL,2016-06-08 03:01:39
4b,VOD Launch Without Barker CH Display Time,6.426900000000001,PASS,2016-06-08 03:12:39
4c,VOD View Trailer Time,5.561100000000001,PASS,2016-06-08 03:20:17
3.1,Menu Launch Time,2.1645000000000003,PASS,2016-06-08 03:24:52
3.2a,GuideLaunchTimeMsrmentWithoutPIP,2.0646,PASS,2016-06-08 03:29:20
3.3,Info Launch,0.8325000000000001,PASS,2016-06-08 03:34:50
3.4,DVR Launch,1.0656,FAIL,2016-06-08 03:45:16
3.1a,Menu Launch Time,1.332,PASS,2016-06-08 03:47:56
3.1,Menu Launch Time,1.6983000000000001,PASS,2016-06-08 03:51:16
3.2a,GuideLaunchTimeMsrmentWithoutPIP,1.665,PASS,2016-06-08 03:54:30
4a,VOD Launch Time,0.0,FAIL,2016-06-08 04:09:50
4b,VOD Launch Without Barker CH Display Time,7.492500000000001,PASS,2016-06-08 04:24:27
4c,VOD View Trailer Time,6.1272,PASS,2016-06-08 04:33:34
3.1,Menu Launch Time,1.8981000000000001,PASS,2016-06-08 04:37:25
3.2a,GuideLaunchTimeMsrmentWithoutPIP,0,FAIL,2016-06-08 04:46:58
3.2,Guide Launch,0,FAIL,2016-06-08 04:56:15
3.3,Info Launch,1.1655000000000002,PASS,2016-06-08 04:58:56
3.4,DVR Launch,0.8325,FAIL,2016-06-08 05:10:29
3.1a,Menu Launch Time,1.1655000000000002,PASS,2016-06-08 05:13:11
3.1,Menu Launch Time,1.7649000000000001,PASS,2016-06-08 05:16:37
3.2a,GuideLaunchTimeMsrmentWithoutPIP,1.4652,PASS,2016-06-08 05:20:03
4a,VOD Launch Time,0.0,FAIL,2016-06-08 05:35:39
4b,VOD Launch Without Barker CH Display Time,7.492500000000001,PASS,2016-06-08 05:47:36
4c,VOD View Trailer Time,6.4602,PASS,2016-06-08 05:55:57
3.1,Menu Launch Time,2.0979,PASS,2016-06-08 06:00:00
3.2a,GuideLaunchTimeMsrmentWithoutPIP,2.2644,PASS,2016-06-08 06:04:38
3.3,Info Launch,0.6993,PASS,2016-06-08 06:09:49
3.4,DVR Launch,0.9657,FAIL,2016-06-08 06:22:07
3.1a,Menu Launch Time,1.2321000000000002,PASS,2016-06-08 06:24:57
3.1,Menu Launch Time,2.0979,PASS,2016-06-08 06:28:36
3.2a,GuideLaunchTimeMsrmentWithoutPIP,1.6983,PASS,2016-06-08 06:31:51
4a,VOD Launch Time,7.659000000000001,PASS,2016-06-08 06:47:25
4b,VOD Launch Without Barker CH Display Time,7.359300000000001,PASS,2016-06-08 06:59:43
4c,VOD View Trailer Time,5.294700000000001,PASS,2016-06-08 07:07:34
3.1,Menu Launch Time,1.7982000000000002,PASS,2016-06-08 07:11:23
3.2a,GuideLaunchTimeMsrmentWithoutPIP,2.0646,PASS,2016-06-08 07:15:25
3.3,Info Launch,0.7659,PASS,2016-06-08 07:23:33
3.4,DVR Launch,0.8325,FAIL,2016-06-08 07:34:15
3.1a,Menu Launch Time,1.7316000000000003,PASS,2016-06-08 07:38:03
3.1,Menu Launch Time,1.7316000000000003,PASS,2016-06-08 07:41:14
3.2a,GuideLaunchTimeMsrmentWithoutPIP,1.6317,PASS,2016-06-08 07:45:04
4a,VOD Launch Time,0.0,FAIL,2016-06-08 08:01:22
4b,VOD Launch Without Barker CH Display Time,0.0,FAIL,2016-06-08 08:15:08
4c,VOD View Trailer Time,5.794200000000001,PASS,2016-06-08 08:23:08
3.1,Menu Launch Time,1.8981000000000001,PASS,2016-06-08 08:26:56
3.2a,GuideLaunchTimeMsrmentWithoutPIP,1.8981,PASS,2016-06-08 08:30:31
3.3,Info Launch,0.7992000000000001,PASS,2016-06-08 08:37:30
3.4,DVR Launch,0.8658,FAIL,2016-06-08 08:49:24
3.1a,Menu Launch Time,1.0989000000000002,PASS,2016-06-08 08:52:02
3.1,Menu Launch Time,1.8981000000000001,PASS,2016-06-08 08:55:31
3.2a,GuideLaunchTimeMsrmentWithoutPIP,1.665,PASS,2016-06-08 08:59:02
4a,VOD Launch Time,0.0,FAIL,2016-06-08 09:11:41
4b,VOD Launch Without Barker CH Display Time,0.0,FAIL,2016-06-08 09:25:36
4c,VOD View Trailer Time,6.2937,PASS,2016-06-08 09:34:10
3.1,Menu Launch Time,3.0969,PASS,2016-06-08 09:39:35
3.2a,GuideLaunchTimeMsrmentWithoutPIP,1.998,PASS,2016-06-08 09:43:25
3.3,Info Launch,0.9324000000000001,PASS,2016-06-08 09:49:37
3.4,DVR Launch,1.1988,FAIL,2016-06-08 10:01:53
3.1a,Menu Launch Time,0.0,FAIL,2016-06-08 10:13:34
3.1,Menu Launch Time,2.1312,PASS,2016-06-08 10:17:25
3.2a,GuideLaunchTimeMsrmentWithoutPIP,1.6317,PASS,2016-06-08 10:20:52
4a,VOD Launch Time,0.0,FAIL,2016-06-08 10:36:40
4b,VOD Launch Without Barker CH Display Time,7.4259,PASS,2016-06-08 10:51:36
4c,VOD View Trailer Time,6.593400000000001,PASS,2016-06-08 11:00:53
3.1,Menu Launch Time,2.4309000000000003,PASS,2016-06-08 11:05:29
3.2a,GuideLaunchTimeMsrmentWithoutPIP,2.0646,PASS,2016-06-08 11:09:03
3.3,Info Launch,0.8991000000000001,PASS,2016-06-08 11:14:17
3.4,DVR Launch,1.2654,FAIL,2016-06-08 11:25:03
3.1a,Menu Launch Time,1.5318,PASS,2016-06-08 11:28:42
3.1,Menu Launch Time,2.0313000000000003,PASS,2016-06-08 11:32:44
3.2a,GuideLaunchTimeMsrmentWithoutPIP,1.665,PASS,2016-06-08 11:36:10
4a,VOD Launch Time,0.0,FAIL,2016-06-08 11:52:08
4b,VOD Launch Without Barker CH Display Time,0.0,FAIL,2016-06-08 12:08:27
4c,VOD View Trailer Time,6.0939000000000005,PASS,2016-06-08 12:17:26
3.1,Menu Launch Time,1.9647000000000001,PASS,2016-06-08 12:21:41
3.2a,GuideLaunchTimeMsrmentWithoutPIP,1.9647,PASS,2016-06-08 12:26:34
3.3,Info Launch,0.9990000000000001,PASS,2016-06-08 12:33:41
3.4,DVR Launch,1.0989,FAIL,2016-06-08 12:45:06
3.1a,Menu Launch Time,1.1322,PASS,2016-06-08 12:47:16
3.1,Menu Launch Time,2.0313000000000003,PASS,2016-06-08 12:50:44
3.2a,GuideLaunchTimeMsrmentWithoutPIP,1.8315,PASS,2016-06-08 12:54:18
4a,VOD Launch Time,0.0,FAIL,2016-06-08 13:07:38
4b,VOD Launch Without Barker CH Display Time,0.0,FAIL,2016-06-08 13:24:06
4c,VOD View Trailer Time,0.7992000000000001,PASS,2016-06-08 13:26:55
3.1,Menu Launch Time,2.2644,PASS,2016-06-08 13:30:40
3.2a,GuideLaunchTimeMsrmentWithoutPIP,1.8648,PASS,2016-06-08 13:34:37
3.2,Guide Launch,0,FAIL,2016-06-08 13:42:56
3.3,Info Launch,0.8658000000000001,PASS,2016-06-08 13:45:13
3.4,DVR Launch,1.1988,FAIL,2016-06-08 13:54:53
3.1a,Menu Launch Time,1.332,PASS,2016-06-08 13:57:45
3.1,Menu Launch Time,2.3976,PASS,2016-06-08 14:01:42
3.2a,GuideLaunchTimeMsrmentWithoutPIP,1.8315,PASS,2016-06-08 14:05:56
4a,VOD Launch Time,0.0,FAIL,2016-06-08 14:22:14
4b,VOD Launch Without Barker CH Display Time,6.759900000000001,PASS,2016-06-08 14:33:33
4c,VOD View Trailer Time,2.3310000000000004,PASS,2016-06-08 14:37:08
3.1,Menu Launch Time,2.1978000000000004,PASS,2016-06-08 14:40:09
3.2a,GuideLaunchTimeMsrmentWithoutPIP,1.9647,PASS,2016-06-08 14:43:21
3.3,Info Launch,1.0656,PASS,2016-06-08 14:48:51
3.4,DVR Launch,1.0323,FAIL,2016-06-08 14:58:12
3.1a,Menu Launch Time,1.1655000000000002,PASS,2016-06-08 15:01:04
3.1,Menu Launch Time,1.9980000000000002,PASS,2016-06-08 15:04:33
3.2a,GuideLaunchTimeMsrmentWithoutPIP,1.8648,PASS,2016-06-08 15:07:24
4a,VOD Launch Time,0.0,FAIL,2016-06-08 15:19:03
4b,VOD Launch Without Barker CH Display Time,0.0,FAIL,2016-06-08 15:29:15
4c,VOD View Trailer Time,0.0,FAIL,2016-06-08 15:36:56
3.1,Menu Launch Time,2.1978000000000004,PASS,2016-06-08 15:40:11
3.2a,GuideLaunchTimeMsrmentWithoutPIP,2.3643,PASS,2016-06-08 15:44:09
3.3,Info Launch,1.0323,PASS,2016-06-08 15:50:15
3.4,DVR Launch,1.3986,FAIL,2016-06-08 16:01:39
3.1a,Menu Launch Time,1.4985000000000002,PASS,2016-06-08 16:05:05
3.1,Menu Launch Time,2.1645000000000003,PASS,2016-06-08 16:08:56
3.2a,GuideLaunchTimeMsrmentWithoutPIP,2.5974,PASS,2016-06-08 16:14:44
4a,VOD Launch Time,0.0,FAIL,2016-06-08 16:28:02
4b,VOD Launch Without Barker CH Display Time,0.0,FAIL,2016-06-08 16:46:51
1b,Measure Ten Channel Change Time,25.441200000000006,PASS,2016-06-10 15:35:33
1b,Measure Ten Channel Change Time,22.211100000000005,PASS,2016-06-10 15:52:12
1b,Measure Ten Channel Change Time,20.612700000000004,PASS,2016-06-13 18:18:33
3.1a,Menu Launch Time,1.0989000000000002,PASS,2016-06-13 18:20:58
3.2a,GuideLaunchTimeMsrmentWithoutPIP,1.5651,PASS,2016-06-13 18:24:02
3.3,Info Launch,0.6993,PASS,2016-06-13 18:26:09
3.4,DVR Launch,0.7326,FAIL,2016-06-13 18:37:33
4a,VOD Launch Time,0.0,FAIL,2016-06-13 18:51:56
4b,VOD Launch Without Barker CH Display Time,5.894100000000001,PASS,2016-06-13 19:01:03
4c,VOD View Trailer Time,5.294700000000001,PASS,2016-06-13 19:10:04
4b,VOD Launch Without Barker CH Display Time,5.361300000000001,PASS,2016-06-13 19:19:57
1b,Measure Ten Channel Change Time,30.103199999999998,PASS,2016-06-13 19:58:59
3.1a,Menu Launch Time,0.9657000000000001,PASS,2016-06-13 20:01:03
3.2a,GuideLaunchTimeMsrmentWithoutPIP,1.5318,PASS,2016-06-13 20:03:40
3.3,Info Launch,0.666,PASS,2016-06-13 20:05:31
3.4,DVR Launch,0.6993,FAIL,2016-06-13 20:15:58
4a,VOD Launch Time,0.0,FAIL,2016-06-13 20:30:10
4b,VOD Launch Without Barker CH Display Time,7.359300000000001,PASS,2016-06-13 20:42:51
4c,VOD View Trailer Time,5.094900000000001,PASS,2016-06-13 20:51:57
4b,VOD Launch Without Barker CH Display Time,6.793200000000001,PASS,2016-06-13 21:03:37
1b,Measure Ten Channel Change Time,26.64,PASS,2016-06-13 21:37:17
3.1a,Menu Launch Time,1.0989000000000002,PASS,2016-06-13 21:39:53
3.2a,GuideLaunchTimeMsrmentWithoutPIP,1.6983,PASS,2016-06-13 21:43:14
3.3,Info Launch,0.5994,PASS,2016-06-13 21:45:14
3.4,DVR Launch,0.7326,FAIL,2016-06-13 21:57:40
4b,VOD Launch Without Barker CH Display Time,7.459200000000001,PASS,2016-06-13 22:22:36
4c,VOD View Trailer Time,5.194800000000001,PASS,2016-06-13 22:31:05
4b,VOD Launch Without Barker CH Display Time,5.461200000000001,PASS,2016-06-13 22:40:56
1b,Measure Ten Channel Change Time,32.334300000000006,PASS,2016-06-13 23:31:47
3.1a,Menu Launch Time,0.8658000000000001,PASS,2016-06-13 23:34:13
3.2a,GuideLaunchTimeMsrmentWithoutPIP,1.7316,PASS,2016-06-13 23:37:59
3.3,Info Launch,0.8325000000000001,PASS,2016-06-13 23:40:17
3.4,DVR Launch,0.8325,FAIL,2016-06-13 23:50:30
4a,VOD Launch Time,7.6923,PASS,2016-06-14 00:03:35
4b,VOD Launch Without Barker CH Display Time,7.226100000000001,PASS,2016-06-14 00:16:04
4c,VOD View Trailer Time,5.727600000000001,PASS,2016-06-14 00:25:46
4b,VOD Launch Without Barker CH Display Time,5.994000000000001,PASS,2016-06-14 00:35:56
1b,Measure Ten Channel Change Time,25.208100000000005,PASS,2016-06-14 01:30:30
3.1a,Menu Launch Time,0.9657000000000001,PASS,2016-06-14 01:32:29
3.2a,GuideLaunchTimeMsrmentWithoutPIP,2.1645,PASS,2016-06-14 01:36:37
3.3,Info Launch,0.6327,PASS,2016-06-14 01:38:34
3.4,DVR Launch,1.0323,FAIL,2016-06-14 01:49:07
4a,VOD Launch Time,0.0,FAIL,2016-06-14 02:01:54
4b,VOD Launch Without Barker CH Display Time,7.492500000000001,PASS,2016-06-14 02:15:33
4c,VOD View Trailer Time,5.4279,PASS,2016-06-14 02:25:15
4b,VOD Launch Without Barker CH Display Time,6.660000000000001,PASS,2016-06-14 02:36:26
1b,Measure Ten Channel Change Time,27.5391,PASS,2016-06-14 03:16:12
3.1a,Menu Launch Time,1.0656,PASS,2016-06-14 03:18:41
3.2a,GuideLaunchTimeMsrmentWithoutPIP,1.6983,PASS,2016-06-14 03:21:48
3.3,Info Launch,0.7326,PASS,2016-06-14 03:23:50
3.4,DVR Launch,0.8658,FAIL,2016-06-14 03:34:41
4a,VOD Launch Time,0.0,FAIL,2016-06-14 03:47:43
4b,VOD Launch Without Barker CH Display Time,6.493500000000001,PASS,2016-06-14 03:59:04
4c,VOD View Trailer Time,1.8315000000000001,PASS,2016-06-14 04:03:16
4b,VOD Launch Without Barker CH Display Time,6.3603000000000005,PASS,2016-06-14 04:14:39
1b,Measure Ten Channel Change Time,27.206100000000006,PASS,2016-06-14 04:45:33
3.1a,Menu Launch Time,1.1322,PASS,2016-06-14 04:47:56
3.2a,GuideLaunchTimeMsrmentWithoutPIP,0,FAIL,2016-06-14 04:57:21
3.3,Info Launch,0.9324000000000001,PASS,2016-06-14 04:59:32
3.4,DVR Launch,0.7326,FAIL,2016-06-14 05:10:57
4a,VOD Launch Time,0.0,FAIL,2016-06-14 05:25:41
4b,VOD Launch Without Barker CH Display Time,0.0,FAIL,2016-06-14 05:39:40
4c,VOD View Trailer Time,6.1938,PASS,2016-06-14 05:49:04
4b,VOD Launch Without Barker CH Display Time,7.0596000000000005,PASS,2016-06-14 06:01:19
1b,Measure Ten Channel Change Time,26.173800000000004,PASS,2016-06-14 06:41:39
3.1a,Menu Launch Time,0.9990000000000001,PASS,2016-06-14 06:43:46
3.2a,GuideLaunchTimeMsrmentWithoutPIP,1.7649,PASS,2016-06-14 06:47:04
3.3,Info Launch,0.7992000000000001,PASS,2016-06-14 06:49:09
3.4,DVR Launch,0.7326,FAIL,2016-06-14 06:59:41
4a,VOD Launch Time,0.0,FAIL,2016-06-14 07:12:12
4b,VOD Launch Without Barker CH Display Time,0.0,FAIL,2016-06-14 07:26:27
4c,VOD View Trailer Time,2.2977000000000003,PASS,2016-06-14 07:31:35
4b,VOD Launch Without Barker CH Display Time,6.6267000000000005,PASS,2016-06-14 07:42:43
1b,Measure Ten Channel Change Time,29.0043,PASS,2016-06-14 08:24:01
3.1a,Menu Launch Time,1.4985000000000002,PASS,2016-06-14 08:27:00
3.2a,GuideLaunchTimeMsrmentWithoutPIP,1.9314,PASS,2016-06-14 08:31:32
3.3,Info Launch,0.7326,PASS,2016-06-14 08:33:33
3.4,DVR Launch,1.2654,FAIL,2016-06-14 08:42:46
4a,VOD Launch Time,0.0,FAIL,2016-06-14 08:56:19
4b,VOD Launch Without Barker CH Display Time,0.0,FAIL,2016-06-14 09:09:20
4c,VOD View Trailer Time,0.0,FAIL,2016-06-14 09:19:46
4b,VOD Launch Without Barker CH Display Time,0.0,FAIL,2016-06-14 09:33:14
1b,Measure Ten Channel Change Time,32.5341,PASS,2016-06-14 10:23:31
3.1a,Menu Launch Time,1.3653000000000002,PASS,2016-06-14 10:26:43
3.2a,GuideLaunchTimeMsrmentWithoutPIP,2.1978,PASS,2016-06-14 10:31:45
3.3,Info Launch,1.4985000000000002,PASS,2016-06-14 10:35:27
3.4,DVR Launch,0.8658,FAIL,2016-06-14 10:46:31
4a,VOD Launch Time,0.0,FAIL,2016-06-14 11:01:22
4b,VOD Launch Without Barker CH Display Time,0.0,FAIL,2016-06-14 11:15:47
4c,VOD View Trailer Time,5.461200000000001,PASS,2016-06-14 11:24:38
4b,VOD Launch Without Barker CH Display Time,6.660000000000001,PASS,2016-06-14 11:35:32
1b,Measure Ten Channel Change Time,34.0326,PASS,2016-06-14 12:26:05
3.1a,Menu Launch Time,0.0,FAIL,2016-06-14 12:37:28
3.2a,GuideLaunchTimeMsrmentWithoutPIP,2.6973,PASS,2016-06-14 12:42:43
3.3,Info Launch,0.9324000000000001,PASS,2016-06-14 12:45:06
3.4,DVR Launch,0.999,FAIL,2016-06-14 12:56:00
4a,VOD Launch Time,0.0,FAIL,2016-06-14 13:09:03
4b,VOD Launch Without Barker CH Display Time,7.492500000000001,PASS,2016-06-14 13:22:07
4c,VOD View Trailer Time,6.060600000000001,PASS,2016-06-14 13:31:57
4b,VOD Launch Without Barker CH Display Time,0.0,FAIL,2016-06-14 13:44:50
1b,Measure Ten Channel Change Time,25.441200000000002,PASS,2016-06-14 14:23:53
3.1a,Menu Launch Time,1.5318,PASS,2016-06-14 14:26:53
3.2a,GuideLaunchTimeMsrmentWithoutPIP,1.7982,PASS,2016-06-14 14:30:38
3.3,Info Launch,0.8991000000000001,PASS,2016-06-14 14:33:05
3.4,DVR Launch,1.0989,FAIL,2016-06-14 14:44:12
4a,VOD Launch Time,0.0,FAIL,2016-06-14 14:56:02
4b,VOD Launch Without Barker CH Display Time,0.0,FAIL,2016-06-14 15:09:13
4c,VOD View Trailer Time,2.5308,PASS,2016-06-14 15:14:44
4b,VOD Launch Without Barker CH Display Time,6.926400000000001,PASS,2016-06-14 15:29:21
1b,Measure Ten Channel Change Time,28.7379,PASS,2016-06-14 16:08:12
3.1a,Menu Launch Time,1.0656,PASS,2016-06-14 16:10:34
3.2a,GuideLaunchTimeMsrmentWithoutPIP,1.5984,PASS,2016-06-14 16:13:39
3.3,Info Launch,0.8991000000000001,PASS,2016-06-14 16:16:03
3.4,DVR Launch,1.1322,FAIL,2016-06-14 16:26:54
4a,VOD Launch Time,0.0,FAIL,2016-06-14 16:53:25
4b,VOD Launch Without Barker CH Display Time,7.2594,PASS,2016-06-14 17:04:27
4c,VOD View Trailer Time,5.727600000000001,PASS,2016-06-14 17:14:02
4b,VOD Launch Without Barker CH Display Time,7.126200000000001,PASS,2016-06-14 17:27:11
1b,Measure Ten Channel Change Time,34.4988,PASS,2016-06-14 18:15:57
3.1a,Menu Launch Time,1.1655000000000002,PASS,2016-06-14 18:18:45
3.2a,GuideLaunchTimeMsrmentWithoutPIP,2.331,PASS,2016-06-14 18:23:36
3.3,Info Launch,0.7326,PASS,2016-06-14 18:25:25
3.4,DVR Launch,1.1322,FAIL,2016-06-14 18:36:27
4a,VOD Launch Time,0.0,FAIL,2016-06-14 18:50:39
4b,VOD Launch Without Barker CH Display Time,0.0,FAIL,2016-06-14 19:04:42
4c,VOD View Trailer Time,0.0,FAIL,2016-06-14 19:14:53
4b,VOD Launch Without Barker CH Display Time,7.459200000000001,PASS,2016-06-14 19:27:55
1b,Measure Ten Channel Change Time,38.6946,PASS,2016-06-14 20:08:54
3.1a,Menu Launch Time,0.9657000000000001,PASS,2016-06-14 20:10:57
3.2a,GuideLaunchTimeMsrmentWithoutPIP,2.1312,PASS,2016-06-14 20:14:42
3.3,Info Launch,0.5994,PASS,2016-06-14 20:16:25
3.4,DVR Launch,0.9324,FAIL,2016-06-14 20:27:15
4a,VOD Launch Time,0.0,FAIL,2016-06-14 20:41:01
4b,VOD Launch Without Barker CH Display Time,0.0,FAIL,2016-06-14 20:53:52
4c,VOD View Trailer Time,6.060600000000001,PASS,2016-06-14 21:02:50
4b,VOD Launch Without Barker CH Display Time,0.0,FAIL,2016-06-14 21:18:45
1b,Measure Ten Channel Change Time,35.3313,PASS,2016-06-14 22:06:12
3.1a,Menu Launch Time,1.5318,PASS,2016-06-14 22:09:16
3.2a,GuideLaunchTimeMsrmentWithoutPIP,1.9647,PASS,2016-06-14 22:13:04
3.3,Info Launch,0.6993,PASS,2016-06-14 22:15:11
3.4,DVR Launch,1.6317,FAIL,2016-06-14 22:25:21
4a,VOD Launch Time,0.0,FAIL,2016-06-14 22:39:54
4b,VOD Launch Without Barker CH Display Time,0.0,FAIL,2016-06-14 22:53:59
4c,VOD View Trailer Time,2.6307,PASS,2016-06-14 22:58:47
4b,VOD Launch Without Barker CH Display Time,7.459200000000001,PASS,2016-06-14 23:10:08
1b,Measure Ten Channel Change Time,34.66530000000001,PASS,2016-06-14 23:54:05
3.1a,Menu Launch Time,1.3986,PASS,2016-06-14 23:57:12
3.2a,GuideLaunchTimeMsrmentWithoutPIP,2.1312,PASS,2016-06-15 00:01:25
3.3,Info Launch,1.0656,PASS,2016-06-15 00:03:58
3.4,DVR Launch,1.2987,FAIL,2016-06-15 00:15:06
4a,VOD Launch Time,0.0,FAIL,2016-06-15 00:29:47
4b,VOD Launch Without Barker CH Display Time,0.0,FAIL,2016-06-15 00:44:19
4c,VOD View Trailer Time,5.960700000000001,PASS,2016-06-15 00:54:40
4b,VOD Launch Without Barker CH Display Time,0.0,FAIL,2016-06-15 01:07:36
1b,Measure Ten Channel Change Time,29.936700000000002,PASS,2016-06-15 01:41:14
3.1a,Menu Launch Time,0.0,FAIL,2016-06-15 01:50:39
3.2a,GuideLaunchTimeMsrmentWithoutPIP,2.331,PASS,2016-06-15 01:54:49
3.3,Info Launch,0.0,PASS,2016-06-15 02:04:18
3.4,DVR Launch,1.5318,FAIL,2016-06-15 02:15:32
4a,VOD Launch Time,0.0,FAIL,2016-06-15 02:29:40
4b,VOD Launch Without Barker CH Display Time,0.0,FAIL,2016-06-15 02:41:17
4c,VOD View Trailer Time,2.5308,PASS,2016-06-15 02:47:08
4b,VOD Launch Without Barker CH Display Time,0.0,FAIL,2016-06-15 03:01:24
1b,Measure Ten Channel Change Time,30.96900000000001,PASS,2016-06-15 03:44:41
3.1a,Menu Launch Time,1.3653000000000002,PASS,2016-06-15 03:47:31
3.2a,GuideLaunchTimeMsrmentWithoutPIP,2.3976,PASS,2016-06-15 03:52:20
3.3,Info Launch,1.0989000000000002,PASS,2016-06-15 03:55:03
3.4,DVR Launch,1.7649,FAIL,2016-06-15 04:05:27
4a,VOD Launch Time,0.0,FAIL,2016-06-15 04:19:53
4b,VOD Launch Without Barker CH Display Time,0.0,FAIL,2016-06-15 04:33:26
4c,VOD View Trailer Time,0.0,FAIL,2016-06-15 04:45:28
4b,VOD Launch Without Barker CH Display Time,0.0,FAIL,2016-06-15 04:57:52
1b,Measure Ten Channel Change Time,38.59470000000001,PASS,2016-06-15 05:52:09
3.1a,Menu Launch Time,1.3986,PASS,2016-06-15 05:54:51
3.2a,GuideLaunchTimeMsrmentWithoutPIP,2.4309,PASS,2016-06-15 05:59:19
3.3,Info Launch,0.8991000000000001,PASS,2016-06-15 06:01:40
3.4,DVR Launch,0.999,FAIL,2016-06-15 06:12:48
4a,VOD Launch Time,0.0,FAIL,2016-06-15 06:26:15
4b,VOD Launch Without Barker CH Display Time,0.0,FAIL,2016-06-15 06:39:45
4c,VOD View Trailer Time,0.0,FAIL,2016-06-15 06:52:51
4b,VOD Launch Without Barker CH Display Time,0.0,FAIL,2016-06-15 07:04:43
1b,Measure Ten Channel Change Time,40.09320000000001,PASS,2016-06-15 07:59:50
3.1a,Menu Launch Time,1.1655000000000002,PASS,2016-06-15 08:02:23
3.2a,GuideLaunchTimeMsrmentWithoutPIP,2.2311,PASS,2016-06-15 08:06:27
3.3,Info Launch,0.9324000000000001,PASS,2016-06-15 08:08:57
3.4,DVR Launch,0.0,FAIL,2016-06-15 08:18:49
4a,VOD Launch Time,0.0,FAIL,2016-06-15 08:32:17
4b,VOD Launch Without Barker CH Display Time,0.0,FAIL,2016-06-15 08:45:38
4c,VOD View Trailer Time,0.0,FAIL,2016-06-15 08:57:25
4b,VOD Launch Without Barker CH Display Time,0.0,FAIL,2016-06-15 09:10:32
1b,Measure Ten Channel Change Time,32.434200000000004,PASS,2016-06-15 09:57:32
3.1a,Menu Launch Time,1.4985000000000002,PASS,2016-06-15 10:00:15
3.2a,GuideLaunchTimeMsrmentWithoutPIP,5.1282,PASS,2016-06-15 10:08:45
3.3,Info Launch,1.0989000000000002,PASS,2016-06-15 10:11:18
3.4,DVR Launch,1.332,FAIL,2016-06-15 10:21:38
4a,VOD Launch Time,3.0636,PASS,2016-06-15 10:27:27
4b,VOD Launch Without Barker CH Display Time,0.0,FAIL,2016-06-15 10:40:48
4c,VOD View Trailer Time,2.2311,PASS,2016-06-15 10:46:00
4b,VOD Launch Without Barker CH Display Time,0.0,FAIL,2016-06-15 10:59:39
1b,Measure Ten Channel Change Time,35.9307,PASS,2016-06-15 11:51:11
3.1a,Menu Launch Time,2.0646,PASS,2016-06-15 11:55:14
3.2a,GuideLaunchTimeMsrmentWithoutPIP,2.6307,PASS,2016-06-15 11:59:54
3.3,Info Launch,1.2321000000000002,PASS,2016-06-15 12:02:50
3.4,DVR Launch,1.8981,FAIL,2016-06-15 12:12:35
4a,VOD Launch Time,0.0,FAIL,2016-06-15 12:25:37
4b,VOD Launch Without Barker CH Display Time,0.0,FAIL,2016-06-15 12:37:51
4c,VOD View Trailer Time,1.8981000000000001,PASS,2016-06-15 12:41:51
4b,VOD Launch Without Barker CH Display Time,0.0,FAIL,2016-06-15 12:55:14
1b,Measure Ten Channel Change Time,39.760200000000005,PASS,2016-06-15 13:51:49
3.1a,Menu Launch Time,1.8648000000000002,PASS,2016-06-15 13:55:24
3.2a,GuideLaunchTimeMsrmentWithoutPIP,2.7306,PASS,2016-06-15 14:00:12
3.3,Info Launch,1.5984000000000003,PASS,2016-06-15 14:03:43
3.4,DVR Launch,1.3986,FAIL,2016-06-15 14:14:07
4b,VOD Launch Without Barker CH Display Time,0.0,FAIL,2016-06-15 14:33:44
4c,VOD View Trailer Time,0.0,FAIL,2016-06-15 14:42:14
4b,VOD Launch Without Barker CH Display Time,0.0,FAIL,2016-06-15 14:53:21
1b,Measure Ten Channel Change Time,30.669300000000003,PASS,2016-06-15 15:31:47
3.1a,Menu Launch Time,5.960700000000001,PASS,2016-06-15 15:39:48
3.2a,GuideLaunchTimeMsrmentWithoutPIP,3.2967,PASS,2016-06-15 15:45:26
3.3,Info Launch,0.9990000000000001,PASS,2016-06-15 15:47:52
3.4,DVR Launch,5.5611,FAIL,2016-06-15 15:56:38
4a,VOD Launch Time,0.0,FAIL,2016-06-15 16:09:49
4b,VOD Launch Without Barker CH Display Time,0.0,FAIL,2016-06-15 16:22:43
4c,VOD View Trailer Time,0.0,FAIL,2016-06-15 16:31:37
4b,VOD Launch Without Barker CH Display Time,0.0,FAIL,2016-06-15 16:49:11
1b,Measure Ten Channel Change Time,35.298,PASS,2016-06-15 17:33:47
3.1a,Menu Launch Time,0.0,FAIL,2016-06-15 17:41:27
3.2a,GuideLaunchTimeMsrmentWithoutPIP,2.2311,PASS,2016-06-15 17:44:37
3.3,Info Launch,0.0,PASS,2016-06-15 17:52:11
1b,Measure Ten Channel Change Time,27.605700000000006,PASS,2016-06-15 18:26:29
3.1a,Menu Launch Time,1.5318,PASS,2016-06-15 18:28:51
3.2a,GuideLaunchTimeMsrmentWithoutPIP,2.7972,PASS,2016-06-15 18:32:46
3.3,Info Launch,1.4985000000000002,PASS,2016-06-15 18:34:55
3.4,DVR Launch,5.7942,FAIL,2016-06-15 18:42:41
4a,VOD Launch Time,0.0,FAIL,2016-06-15 18:51:27
4b,VOD Launch Without Barker CH Display Time,0.0,FAIL,2016-06-15 18:59:29
4c,VOD View Trailer Time,0.0,FAIL,2016-06-15 19:08:45
4b,VOD Launch Without Barker CH Display Time,0.0,FAIL,2016-06-15 19:22:30
1b,Measure Ten Channel Change Time,22.1445,PASS,2016-06-15 21:01:02
3.1a,Menu Launch Time,0.8325000000000001,PASS,2016-06-15 21:02:59
3.2a,GuideLaunchTimeMsrmentWithoutPIP,1.8981,PASS,2016-06-15 21:06:56
3.3,Info Launch,0.666,PASS,2016-06-15 21:08:52
3.4,DVR Launch,0.7326,FAIL,2016-06-15 21:19:49
4a,VOD Launch Time,0.0,FAIL,2016-06-15 21:31:37
4b,VOD Launch Without Barker CH Display Time,5.894100000000001,PASS,2016-06-15 21:41:16
4c,VOD View Trailer Time,0.0,FAIL,2016-06-15 21:51:43
4b,VOD Launch Without Barker CH Display Time,6.060600000000001,PASS,2016-06-15 22:02:47
1b,Measure Ten Channel Change Time,23.376600000000003,PASS,2016-06-15 22:45:27
3.1a,Menu Launch Time,0.9990000000000001,PASS,2016-06-15 22:48:16
3.2a,GuideLaunchTimeMsrmentWithoutPIP,1.6983,PASS,2016-06-15 22:51:40
3.3,Info Launch,0.5994,PASS,2016-06-15 22:53:35
3.4,DVR Launch,0.8658,FAIL,2016-06-15 23:04:34
4a,VOD Launch Time,0.0,FAIL,2016-06-15 23:18:49
4b,VOD Launch Without Barker CH Display Time,6.593400000000001,PASS,2016-06-15 23:30:51
4c,VOD View Trailer Time,0.6327,PASS,2016-06-15 23:33:39
4b,VOD Launch Without Barker CH Display Time,6.060600000000001,PASS,2016-06-15 23:44:51
1b,Measure Ten Channel Change Time,39.02760000000001,PASS,2016-06-16 00:36:37
3.1a,Menu Launch Time,1.0989000000000002,PASS,2016-06-16 00:38:56
3.2a,GuideLaunchTimeMsrmentWithoutPIP,1.8648,PASS,2016-06-16 00:41:50
3.3,Info Launch,1.1988,PASS,2016-06-16 00:44:21
3.4,DVR Launch,0.7659,FAIL,2016-06-16 00:54:59
4a,VOD Launch Time,0.0,FAIL,2016-06-16 01:09:23
4b,VOD Launch Without Barker CH Display Time,5.827500000000001,PASS,2016-06-16 01:19:47
4c,VOD View Trailer Time,0.666,PASS,2016-06-16 01:22:37
4b,VOD Launch Without Barker CH Display Time,6.260400000000001,PASS,2016-06-16 01:33:31
1b,Measure Ten Channel Change Time,30.56940000000001,PASS,2016-06-16 02:07:17
3.1a,Menu Launch Time,1.0989000000000002,PASS,2016-06-16 02:09:23
3.2a,GuideLaunchTimeMsrmentWithoutPIP,1.5651,PASS,2016-06-16 02:12:02
3.3,Info Launch,0.7659,PASS,2016-06-16 02:13:50
3.4,DVR Launch,0.8991,FAIL,2016-06-16 02:21:42
4a,VOD Launch Time,0.0,FAIL,2016-06-16 02:32:56
4b,VOD Launch Without Barker CH Display Time,6.693300000000001,PASS,2016-06-16 02:43:52
4b,VOD Launch Without Barker CH Display Time,6.0273,PASS,2016-06-16 03:03:37
1b,Measure Ten Channel Change Time,24.142500000000002,PASS,2016-06-16 03:28:22
3.1a,Menu Launch Time,1.0989000000000002,PASS,2016-06-16 03:30:22
3.2a,GuideLaunchTimeMsrmentWithoutPIP,1.9647,PASS,2016-06-16 03:33:43
3.3,Info Launch,0.6993,PASS,2016-06-16 03:35:27
3.4,DVR Launch,0.8325,FAIL,2016-06-16 03:44:31
4a,VOD Launch Time,0.0,FAIL,2016-06-16 03:55:36
4b,VOD Launch Without Barker CH Display Time,6.393600000000001,PASS,2016-06-16 04:05:47
4c,VOD View Trailer Time,6.327000000000001,PASS,2016-06-16 04:15:25
4b,VOD Launch Without Barker CH Display Time,6.327000000000001,PASS,2016-06-16 04:25:16
1b,Measure Ten Channel Change Time,28.7712,PASS,2016-06-16 05:01:21
3.1a,Menu Launch Time,1.0989000000000002,PASS,2016-06-16 05:03:33
3.2a,GuideLaunchTimeMsrmentWithoutPIP,1.8981,PASS,2016-06-16 05:06:42
3.3,Info Launch,0.7659,PASS,2016-06-16 05:08:24
3.4,DVR Launch,0.8991,FAIL,2016-06-16 05:17:37
4a,VOD Launch Time,0.0,FAIL,2016-06-16 05:27:57
4b,VOD Launch Without Barker CH Display Time,7.359300000000001,PASS,2016-06-16 05:38:20
4c,VOD View Trailer Time,5.527800000000001,PASS,2016-06-16 05:46:16
4b,VOD Launch Without Barker CH Display Time,6.7266,PASS,2016-06-16 05:57:17
1b,Measure Ten Channel Change Time,32.500800000000005,PASS,2016-06-16 06:44:03
3.1a,Menu Launch Time,1.0989000000000002,PASS,2016-06-16 06:46:33
3.2a,GuideLaunchTimeMsrmentWithoutPIP,1.665,PASS,2016-06-16 06:49:38
3.3,Info Launch,0.8325000000000001,PASS,2016-06-16 06:51:36
3.4,DVR Launch,0.8658,FAIL,2016-06-16 07:02:15
4a,VOD Launch Time,0.0,FAIL,2016-06-16 07:14:09
4b,VOD Launch Without Barker CH Display Time,5.794200000000001,PASS,2016-06-16 07:23:29
4c,VOD View Trailer Time,6.693300000000001,PASS,2016-06-16 07:31:43
4b,VOD Launch Without Barker CH Display Time,5.960700000000001,PASS,2016-06-16 07:41:15
1b,Measure Ten Channel Change Time,32.63400000000001,PASS,2016-06-16 08:24:58
3.1a,Menu Launch Time,0.9990000000000001,PASS,2016-06-16 08:27:03
3.2a,GuideLaunchTimeMsrmentWithoutPIP,1.6983,PASS,2016-06-16 08:29:49
3.3,Info Launch,0.666,PASS,2016-06-16 08:31:36
3.4,DVR Launch,0.7326,FAIL,2016-06-16 08:40:55
4a,VOD Launch Time,0.0,FAIL,2016-06-16 08:53:21
4c,VOD View Trailer Time,6.7266,PASS,2016-06-16 09:15:00
4b,VOD Launch Without Barker CH Display Time,6.859800000000001,PASS,2016-06-16 09:26:06
1b,Measure Ten Channel Change Time,32.3343,PASS,2016-06-16 10:13:07
3.1a,Menu Launch Time,1.1322,PASS,2016-06-16 10:15:01
3.2a,GuideLaunchTimeMsrmentWithoutPIP,2.0979,PASS,2016-06-16 10:17:56
3.3,Info Launch,0.9657000000000001,PASS,2016-06-16 10:20:16
3.4,DVR Launch,0.999,FAIL,2016-06-16 10:29:51
4a,VOD Launch Time,0.0,FAIL,2016-06-16 10:41:58
4b,VOD Launch Without Barker CH Display Time,6.793200000000001,PASS,2016-06-16 10:53:34
4c,VOD View Trailer Time,0.0,FAIL,2016-06-16 11:01:29
4b,VOD Launch Without Barker CH Display Time,7.226100000000001,PASS,2016-06-16 11:12:00
1b,Measure Ten Channel Change Time,33.7995,PASS,2016-06-16 11:48:39
3.1a,Menu Launch Time,1.1322,PASS,2016-06-16 11:50:51
3.2a,GuideLaunchTimeMsrmentWithoutPIP,1.998,PASS,2016-06-16 11:54:05
3.3,Info Launch,0.8325000000000001,PASS,2016-06-16 11:56:08
3.4,DVR Launch,0.999,FAIL,2016-06-16 12:06:26
4a,VOD Launch Time,0.0,FAIL,2016-06-16 12:17:26
4b,VOD Launch Without Barker CH Display Time,7.3260000000000005,PASS,2016-06-16 12:28:53
4c,VOD View Trailer Time,0.0,FAIL,2016-06-16 12:36:57
4b,VOD Launch Without Barker CH Display Time,0.0,FAIL,2016-06-16 12:47:44
1b,Measure Ten Channel Change Time,25.308000000000003,PASS,2016-06-16 13:17:06
3.1a,Menu Launch Time,1.2321000000000002,PASS,2016-06-16 13:19:39
3.2a,GuideLaunchTimeMsrmentWithoutPIP,2.1645,PASS,2016-06-16 13:23:37
3.3,Info Launch,0.8991000000000001,PASS,2016-06-16 13:25:55
3.4,DVR Launch,1.0323,FAIL,2016-06-16 13:36:05
4a,VOD Launch Time,0.0,FAIL,2016-06-16 13:49:52
4b,VOD Launch Without Barker CH Display Time,6.959700000000001,PASS,2016-06-16 14:00:17
4c,VOD View Trailer Time,0.0,FAIL,2016-06-16 14:09:42
3.4,DVR Launch,1.332,FAIL,2016-06-16 14:41:22
3.4,DVR Launch,2.0646,PASS,2016-06-16 14:53:06
3.4,DVR Launch,3.1968,PASS,2016-06-16 15:03:06
3.4,DVR Launch,3.8961,PASS,2016-06-16 15:09:55
3.4,DVR Launch,2.2644,PASS,2016-06-16 15:14:10
3.4,DVR Launch,2.6307,PASS,2016-06-16 15:18:41
3.4,DVR Launch,3.0969,PASS,2016-06-16 15:23:46
3.4,DVR Launch,3.0636,PASS,2016-06-16 15:27:16
3.4,DVR Launch,2.1978,PASS,2016-06-16 15:31:07
3.4,DVR Launch,2.7306,PASS,2016-06-16 15:35:51
3.4,DVR Launch,3.1302,PASS,2016-06-16 15:41:05
3.4,DVR Launch,3.1302,PASS,2016-06-16 15:45:55
3.4,DVR Launch,2.2311,PASS,2016-06-16 15:49:37
4b,VOD Launch Without Barker CH Display Time,0.0,FAIL,2016-06-16 16:02:24
4b,VOD Launch Without Barker CH Display Time,0.0,FAIL,2016-06-16 16:16:03
4b,VOD Launch Without Barker CH Display Time,7.5924000000000005,PASS,2016-06-16 16:28:12
1b,Measure Ten Channel Change Time,32.16780000000001,PASS,2016-06-17 15:56:56
3.1a,Menu Launch Time,0.9324000000000001,PASS,2016-06-17 15:59:03
3.2a,GuideLaunchTimeMsrmentWithoutPIP,1.9314,PASS,2016-06-17 16:01:50
3.3,Info Launch,0.666,PASS,2016-06-17 16:03:19
3.4,DVR Launch,0.7659,FAIL,2016-06-17 16:11:59
4a,VOD Launch Time,5.094900000000001,PASS,2016-06-17 16:17:06
4b,VOD Launch Without Barker CH Display Time,3.2301,PASS,2016-06-17 16:20:41
1b,Measure Ten Channel Change Time,28.671300000000002,PASS,2016-06-17 18:35:38
3.1a,Menu Launch Time,0.8991000000000001,PASS,2016-06-17 18:37:44
3.2a,GuideLaunchTimeMsrmentWithoutPIP,1.4985,PASS,2016-06-17 18:40:46
3.3,Info Launch,0.7326,PASS,2016-06-17 18:42:44
3.4,DVR Launch,0.8658,FAIL,2016-06-17 18:52:14
4a,VOD Launch Time,0.0,FAIL,2016-06-17 19:06:21
4b,VOD Launch Without Barker CH Display Time,2.6307,PASS,2016-06-17 19:11:30
1b,Measure Ten Channel Change Time,31.668300000000006,PASS,2016-06-17 20:41:20
3.1a,Menu Launch Time,0.9990000000000001,PASS,2016-06-17 20:43:57
3.2a,GuideLaunchTimeMsrmentWithoutPIP,1.5984,PASS,2016-06-17 20:47:57
3.3,Info Launch,0.5994,PASS,2016-06-17 20:50:05
3.4,DVR Launch,0.666,FAIL,2016-06-17 21:01:56
1b,Measure Ten Channel Change Time,32.667300000000004,FAIL,2016-06-17 22:56:19
3.4,DVR Launch,1.6983,PASS,2016-06-17 22:59:30
3.1a,Menu Launch Time,0.8991000000000001,PASS,2016-06-17 23:01:35
3.2a,GuideLaunchTimeMsrmentWithoutPIP,1.5651,PASS,2016-06-17 23:04:20
3.3,Info Launch,0.5994,PASS,2016-06-17 23:05:35
3.4,DVR Launch,0.6993,FAIL,2016-06-17 23:15:08
4a,VOD Launch Time,0.0,FAIL,2016-06-17 23:26:36
4b,VOD Launch Without Barker CH Display Time,2.664,PASS,2016-06-17 23:31:30
3.4,DVR Launch,1.6317,PASS,2016-06-17 23:34:24
1b,Measure Ten Channel Change Time,30.169800000000002,PASS,2016-06-18 00:39:10
3.1a,Menu Launch Time,0.8658000000000001,PASS,2016-06-18 00:41:12
3.2a,GuideLaunchTimeMsrmentWithoutPIP,1.5318,PASS,2016-06-18 00:44:18
3.3,Info Launch,0.5994,PASS,2016-06-18 00:46:08
3.4,DVR Launch,1.332,FAIL,2016-06-18 00:54:04
4a,VOD Launch Time,0.0,FAIL,2016-06-18 01:05:08
4b,VOD Launch Without Barker CH Display Time,2.5308,PASS,2016-06-18 01:09:01
3.4,DVR Launch,1.998,PASS,2016-06-18 01:12:18
1b,Measure Ten Channel Change Time,24.575400000000005,FAIL,2016-06-18 02:22:11
3.1a,Menu Launch Time,1.0656,PASS,2016-06-18 02:24:35
3.2a,GuideLaunchTimeMsrmentWithoutPIP,1.4985,PASS,2016-06-18 02:27:30
3.3,Info Launch,0.5328,PASS,2016-06-18 02:29:09
3.4,DVR Launch,0.666,FAIL,2016-06-18 02:36:27
4a,VOD Launch Time,0.0,FAIL,2016-06-18 02:49:02
4b,VOD Launch Without Barker CH Display Time,3.2301,PASS,2016-06-18 02:54:12
3.4,DVR Launch,2.0646,PASS,2016-06-18 02:56:45
1b,Measure Ten Channel Change Time,30.169800000000002,FAIL,2016-06-18 04:21:08
3.1a,Menu Launch Time,0.8991000000000001,PASS,2016-06-18 04:23:04
3.2a,GuideLaunchTimeMsrmentWithoutPIP,0,FAIL,2016-06-18 04:31:03
3.3,Info Launch,0.333,PASS,2016-06-18 04:32:23
3.4,DVR Launch,0.7326,FAIL,2016-06-18 04:42:04
4a,VOD Launch Time,0.0,FAIL,2016-06-18 04:53:48
4b,VOD Launch Without Barker CH Display Time,2.9637000000000002,PASS,2016-06-18 04:58:40
3.4,DVR Launch,2.1978,PASS,2016-06-18 05:02:28
1b,Measure Ten Channel Change Time,24.675300000000004,PASS,2016-06-18 05:45:14
3.1a,Menu Launch Time,0.9657000000000001,PASS,2016-06-18 05:47:21
3.2a,GuideLaunchTimeMsrmentWithoutPIP,1.665,PASS,2016-06-18 05:50:19
3.3,Info Launch,0.666,PASS,2016-06-18 05:52:13
3.4,DVR Launch,0.7659,FAIL,2016-06-18 06:02:47
4a,VOD Launch Time,0.0,FAIL,2016-06-18 06:14:36
4b,VOD Launch Without Barker CH Display Time,3.0303000000000004,PASS,2016-06-18 06:18:51
3.4,DVR Launch,1.6983,PASS,2016-06-18 06:22:03
1b,Measure Ten Channel Change Time,28.904400000000003,FAIL,2016-06-18 07:32:47
3.1a,Menu Launch Time,0.9324000000000001,PASS,2016-06-18 07:35:10
3.2a,GuideLaunchTimeMsrmentWithoutPIP,1.3986,PASS,2016-06-18 07:38:02
3.3,Info Launch,0.5994,PASS,2016-06-18 07:40:03
3.4,DVR Launch,0.7326,FAIL,2016-06-18 07:50:53
4a,VOD Launch Time,0.0,FAIL,2016-06-18 08:02:11
4b,VOD Launch Without Barker CH Display Time,2.664,PASS,2016-06-18 08:06:15
3.4,DVR Launch,1.7316,PASS,2016-06-18 08:09:15
1b,Measure Ten Channel Change Time,30.203100000000003,FAIL,2016-06-18 09:27:54
3.1a,Menu Launch Time,0.9990000000000001,PASS,2016-06-18 09:30:06
3.2a,GuideLaunchTimeMsrmentWithoutPIP,2.1312,PASS,2016-06-18 09:34:04
3.3,Info Launch,0.5661,PASS,2016-06-18 09:35:53
3.4,DVR Launch,0.7326,FAIL,2016-06-18 09:45:21
4a,VOD Launch Time,0.0,FAIL,2016-06-18 09:57:05
4b,VOD Launch Without Barker CH Display Time,2.8971000000000005,PASS,2016-06-18 10:00:49
3.4,DVR Launch,1.9647,PASS,2016-06-18 10:04:37
1b,Measure Ten Channel Change Time,36.5967,PASS,2016-06-18 11:17:02
3.1a,Menu Launch Time,0.8991000000000001,PASS,2016-06-18 11:19:01
3.2a,GuideLaunchTimeMsrmentWithoutPIP,1.2654,PASS,2016-06-18 11:21:50
3.3,Info Launch,0.5994,PASS,2016-06-18 11:23:49
3.4,DVR Launch,0.666,FAIL,2016-06-18 11:34:47
4a,VOD Launch Time,0.0,FAIL,2016-06-18 11:46:19
4b,VOD Launch Without Barker CH Display Time,2.9304,PASS,2016-06-18 11:51:12
3.4,DVR Launch,1.8648,PASS,2016-06-18 11:54:34
1b,Measure Ten Channel Change Time,30.935700000000004,FAIL,2016-06-18 13:15:21
3.1a,Menu Launch Time,0.7992000000000001,PASS,2016-06-18 13:17:14
3.2a,GuideLaunchTimeMsrmentWithoutPIP,1.4319,PASS,2016-06-18 13:19:43
3.3,Info Launch,0.6327,PASS,2016-06-18 13:21:31
3.4,DVR Launch,0.6993,FAIL,2016-06-18 13:32:04
4a,VOD Launch Time,0.0,FAIL,2016-06-18 13:42:37
4b,VOD Launch Without Barker CH Display Time,2.7639000000000005,PASS,2016-06-18 13:47:59
3.4,DVR Launch,1.6983,PASS,2016-06-18 13:50:32
1b,Measure Ten Channel Change Time,33.4998,PASS,2016-06-18 16:02:21
3.1a,Menu Launch Time,1.0656,PASS,2016-06-18 16:04:47
3.2a,GuideLaunchTimeMsrmentWithoutPIP,1.665,PASS,2016-06-18 16:08:00
3.3,Info Launch,0.6327,PASS,2016-06-18 16:09:56
3.4,DVR Launch,0.7326,FAIL,2016-06-18 16:19:24
4a,VOD Launch Time,0.0,FAIL,2016-06-18 16:30:33
3.4,DVR Launch,1.7649,PASS,2016-06-18 16:33:14
4b,VOD Launch Without Barker CH Display Time,3.2301,PASS,2016-06-18 16:38:14
1b,Measure Ten Channel Change Time,33.699600000000004,PASS,2016-06-18 17:49:57
3.1a,Menu Launch Time,1.1322,PASS,2016-06-18 17:52:03
3.2a,GuideLaunchTimeMsrmentWithoutPIP,4.6953,PASS,2016-06-18 17:59:15
3.3,Info Launch,0.666,PASS,2016-06-18 18:01:11
3.4,DVR Launch,0.7992,FAIL,2016-06-18 18:10:28
4a,VOD Launch Time,0.0,FAIL,2016-06-18 18:21:23
3.4,DVR Launch,2.2644,PASS,2016-06-18 18:24:41
4b,VOD Launch Without Barker CH Display Time,3.3633,PASS,2016-06-18 18:29:31
1b,Measure Ten Channel Change Time,27.838800000000006,FAIL,2016-06-18 19:44:51
3.1a,Menu Launch Time,1.0989000000000002,PASS,2016-06-18 19:47:00
3.2a,GuideLaunchTimeMsrmentWithoutPIP,1.7649,PASS,2016-06-18 19:49:42
3.3,Info Launch,0.43290000000000006,PASS,2016-06-18 19:51:17
3.4,DVR Launch,0.7326,FAIL,2016-06-18 20:01:30
4a,VOD Launch Time,0.0,FAIL,2016-06-18 20:14:07
3.4,DVR Launch,2.2311,PASS,2016-06-18 20:17:54
4b,VOD Launch Without Barker CH Display Time,3.2634000000000003,PASS,2016-06-18 20:22:48
1b,Measure Ten Channel Change Time,34.232400000000005,PASS,2016-06-18 21:39:14
3.1a,Menu Launch Time,1.332,PASS,2016-06-18 21:41:38
3.2a,GuideLaunchTimeMsrmentWithoutPIP,1.6317,PASS,2016-06-18 21:44:37
3.3,Info Launch,0.5661,PASS,2016-06-18 21:46:34
3.4,DVR Launch,0.7992,FAIL,2016-06-18 21:57:58
4a,VOD Launch Time,0.0,FAIL,2016-06-18 22:10:43
3.4,DVR Launch,1.9314,PASS,2016-06-18 22:13:22
4b,VOD Launch Without Barker CH Display Time,3.1302000000000003,PASS,2016-06-18 22:18:35
1b,Measure Ten Channel Change Time,29.204100000000004,FAIL,2016-06-18 23:35:49
3.1a,Menu Launch Time,1.5984000000000003,PASS,2016-06-18 23:38:59
3.2a,GuideLaunchTimeMsrmentWithoutPIP,2.3976,PASS,2016-06-18 23:43:23
3.3,Info Launch,0.666,PASS,2016-06-18 23:45:33
3.4,DVR Launch,0.9324,FAIL,2016-06-18 23:56:16
4a,VOD Launch Time,0.0,FAIL,2016-06-19 00:07:28
3.4,DVR Launch,1.998,PASS,2016-06-19 00:10:52
4b,VOD Launch Without Barker CH Display Time,3.3966000000000003,PASS,2016-06-19 00:16:25
1b,Measure Ten Channel Change Time,23.376600000000007,FAIL,2016-06-19 01:33:42
3.1a,Menu Launch Time,0.8991000000000001,PASS,2016-06-19 01:35:32
3.2a,GuideLaunchTimeMsrmentWithoutPIP,1.5651,PASS,2016-06-19 01:38:27
3.3,Info Launch,0.7659,PASS,2016-06-19 01:40:13
3.4,DVR Launch,0.7992,FAIL,2016-06-19 01:49:15
4a,VOD Launch Time,0.0,FAIL,2016-06-19 02:00:44
3.4,DVR Launch,2.331,PASS,2016-06-19 02:04:42
4b,VOD Launch Without Barker CH Display Time,3.6297,PASS,2016-06-19 02:10:18
1b,Measure Ten Channel Change Time,33.766200000000005,PASS,2016-06-19 03:05:57
3.1a,Menu Launch Time,1.1322,PASS,2016-06-19 03:08:18
3.2a,GuideLaunchTimeMsrmentWithoutPIP,2.1645,PASS,2016-06-19 03:12:02
3.3,Info Launch,0.7326,PASS,2016-06-19 03:13:53
3.4,DVR Launch,0.9657,FAIL,2016-06-19 03:24:27
4a,VOD Launch Time,0.0,FAIL,2016-06-19 03:36:39
3.4,DVR Launch,2.4642,PASS,2016-06-19 03:41:12
4b,VOD Launch Without Barker CH Display Time,3.9960000000000004,PASS,2016-06-19 03:47:19
1b,Measure Ten Channel Change Time,31.6017,FAIL,2016-06-19 05:12:17
3.1a,Menu Launch Time,1.0323,PASS,2016-06-19 05:14:29
3.2a,GuideLaunchTimeMsrmentWithoutPIP,1.6317,PASS,2016-06-19 05:17:35
3.3,Info Launch,0.8325000000000001,PASS,2016-06-19 05:19:53
3.4,DVR Launch,0.7992,FAIL,2016-06-19 05:29:41
4a,VOD Launch Time,0.0,FAIL,2016-06-19 05:41:37
3.4,DVR Launch,2.2311,PASS,2016-06-19 05:45:17
4b,VOD Launch Without Barker CH Display Time,3.9627000000000003,PASS,2016-06-19 05:51:19
1b,Measure Ten Channel Change Time,36.16380000000001,PASS,2016-06-19 07:17:02
3.1a,Menu Launch Time,0.8991000000000001,PASS,2016-06-19 07:18:43
3.2a,GuideLaunchTimeMsrmentWithoutPIP,1.2987,PASS,2016-06-19 07:21:11
3.3,Info Launch,0.8991000000000001,PASS,2016-06-19 07:23:26
3.4,DVR Launch,0.7659,FAIL,2016-06-19 07:33:15
4a,VOD Launch Time,0.0,FAIL,2016-06-19 07:45:41
3.4,DVR Launch,2.2644,PASS,2016-06-19 07:49:37
4b,VOD Launch Without Barker CH Display Time,3.5631000000000004,PASS,2016-06-19 07:54:59
1b,Measure Ten Channel Change Time,30.5028,FAIL,2016-06-19 09:11:51
3.1a,Menu Launch Time,1.1988,PASS,2016-06-19 09:13:58
3.2a,GuideLaunchTimeMsrmentWithoutPIP,2.4975,PASS,2016-06-19 09:17:38
3.3,Info Launch,0.7992000000000001,PASS,2016-06-19 09:19:40
3.4,DVR Launch,0.9657,FAIL,2016-06-19 09:28:59
4a,VOD Launch Time,0.0,FAIL,2016-06-19 09:40:54
3.4,DVR Launch,2.7639,PASS,2016-06-19 09:44:49
4b,VOD Launch Without Barker CH Display Time,3.4299000000000004,PASS,2016-06-19 09:50:28
1b,Measure Ten Channel Change Time,29.670300000000005,FAIL,2016-06-19 11:19:04
3.1a,Menu Launch Time,1.0989000000000002,PASS,2016-06-19 11:21:01
3.2a,GuideLaunchTimeMsrmentWithoutPIP,1.6983,PASS,2016-06-19 11:23:48
3.3,Info Launch,0.6993,PASS,2016-06-19 11:25:47
3.4,DVR Launch,0.8325,FAIL,2016-06-19 11:36:21
4a,VOD Launch Time,0.0,FAIL,2016-06-19 11:48:24
3.4,DVR Launch,3.3966,PASS,2016-06-19 11:52:57
4b,VOD Launch Without Barker CH Display Time,4.0293,PASS,2016-06-19 11:59:28
1b,Measure Ten Channel Change Time,20.4129,FAIL,2016-06-19 13:11:58
3.1a,Menu Launch Time,1.2654,PASS,2016-06-19 13:14:28
3.2a,GuideLaunchTimeMsrmentWithoutPIP,3.0969,PASS,2016-06-19 13:19:38
3.3,Info Launch,1.0323,PASS,2016-06-19 13:22:07
3.4,DVR Launch,0.8658,FAIL,2016-06-19 13:32:00
4a,VOD Launch Time,0.0,FAIL,2016-06-19 13:44:16
3.4,DVR Launch,2.2311,PASS,2016-06-19 13:48:19
4b,VOD Launch Without Barker CH Display Time,3.3966000000000003,PASS,2016-06-19 13:53:06
1b,Measure Ten Channel Change Time,38.661300000000004,PASS,2016-06-19 16:13:13
3.1a,Menu Launch Time,1.2321000000000002,PASS,2016-06-19 16:15:42
3.2a,GuideLaunchTimeMsrmentWithoutPIP,2.331,PASS,2016-06-19 16:20:02
3.3,Info Launch,0.8658000000000001,PASS,2016-06-19 16:22:14
3.4,DVR Launch,1.8981,FAIL,2016-06-19 16:32:06
4a,VOD Launch Time,0.0,FAIL,2016-06-19 16:44:51
3.4,DVR Launch,2.2644,PASS,2016-06-19 16:48:49
4b,VOD Launch Without Barker CH Display Time,3.6630000000000003,PASS,2016-06-19 16:54:40
1b,Measure Ten Channel Change Time,32.201100000000004,PASS,2016-06-19 18:15:38
3.1a,Menu Launch Time,0.9990000000000001,PASS,2016-06-19 18:17:51
3.2a,GuideLaunchTimeMsrmentWithoutPIP,2.1312,PASS,2016-06-19 18:21:31
3.3,Info Launch,0.7326,PASS,2016-06-19 18:23:21
3.4,DVR Launch,0.9324,FAIL,2016-06-19 18:32:04
4a,VOD Launch Time,0.0,FAIL,2016-06-19 18:43:16
3.4,DVR Launch,2.5308,PASS,2016-06-19 18:47:52
4b,VOD Launch Without Barker CH Display Time,3.5964000000000005,PASS,2016-06-19 18:52:59
1b,Measure Ten Channel Change Time,35.730900000000005,PASS,2016-06-19 20:15:24
3.1a,Menu Launch Time,0.9990000000000001,PASS,2016-06-19 20:18:00
3.2a,GuideLaunchTimeMsrmentWithoutPIP,1.9647,PASS,2016-06-19 20:21:06
3.3,Info Launch,0.9990000000000001,PASS,2016-06-19 20:23:31
3.4,DVR Launch,0.0,FAIL,2016-06-19 20:34:05
4a,VOD Launch Time,0.0,FAIL,2016-06-19 20:45:47
3.4,DVR Launch,2.7306,PASS,2016-06-19 20:50:30
4b,VOD Launch Without Barker CH Display Time,3.6963000000000004,PASS,2016-06-19 20:56:26
1b,Measure Ten Channel Change Time,23.543100000000006,FAIL,2016-06-19 22:24:31
3.1a,Menu Launch Time,1.1322,PASS,2016-06-19 22:26:53
3.2a,GuideLaunchTimeMsrmentWithoutPIP,1.665,PASS,2016-06-19 22:30:40
3.3,Info Launch,1.4652,PASS,2016-06-19 22:33:58
3.4,DVR Launch,0.8658,FAIL,2016-06-19 22:43:43
4a,VOD Launch Time,0.0,FAIL,2016-06-19 22:54:50
3.4,DVR Launch,2.8305,PASS,2016-06-19 22:58:23
4b,VOD Launch Without Barker CH Display Time,5.3946000000000005,PASS,2016-06-19 23:06:31
1b,Measure Ten Channel Change Time,34.465500000000006,PASS,2016-06-20 00:01:18
3.1a,Menu Launch Time,0.0,FAIL,2016-06-20 00:11:02
3.2a,GuideLaunchTimeMsrmentWithoutPIP,2.0313,PASS,2016-06-20 00:13:56
3.3,Info Launch,0.8991000000000001,PASS,2016-06-20 00:16:11
3.4,DVR Launch,0.7659,FAIL,2016-06-20 00:25:58
4a,VOD Launch Time,0.0,FAIL,2016-06-20 00:37:28
3.4,DVR Launch,2.7639,PASS,2016-06-20 00:41:11
4b,VOD Launch Without Barker CH Display Time,3.6297,PASS,2016-06-20 00:46:49
1b,Measure Ten Channel Change Time,21.844800000000006,FAIL,2016-06-20 01:48:06
3.1a,Menu Launch Time,0.8658000000000001,PASS,2016-06-20 01:49:53
3.2a,GuideLaunchTimeMsrmentWithoutPIP,2.1645,PASS,2016-06-20 01:53:21
3.3,Info Launch,1.1988,PASS,2016-06-20 01:56:11
3.4,DVR Launch,0.999,FAIL,2016-06-20 02:05:53
4a,VOD Launch Time,0.0,FAIL,2016-06-20 02:17:18
3.4,DVR Launch,1.998,PASS,2016-06-20 02:20:03
4b,VOD Launch Without Barker CH Display Time,4.062600000000001,PASS,2016-06-20 02:26:25
1b,Measure Ten Channel Change Time,29.537100000000002,FAIL,2016-06-20 03:44:50
3.1a,Menu Launch Time,1.2654,PASS,2016-06-20 03:46:53
3.2a,GuideLaunchTimeMsrmentWithoutPIP,1.9314,PASS,2016-06-20 03:49:41
3.3,Info Launch,0.9324000000000001,PASS,2016-06-20 03:51:27
3.4,DVR Launch,1.0989,FAIL,2016-06-20 03:57:50
4a,VOD Launch Time,0.0,FAIL,2016-06-20 04:06:28
3.4,DVR Launch,2.5641,PASS,2016-06-20 04:09:46
4b,VOD Launch Without Barker CH Display Time,4.4622,PASS,2016-06-20 04:14:24
1b,Measure Ten Channel Change Time,28.671300000000006,FAIL,2016-06-20 05:09:02
3.1a,Menu Launch Time,1.3986,PASS,2016-06-20 05:11:19
3.2a,GuideLaunchTimeMsrmentWithoutPIP,2.331,PASS,2016-06-20 05:14:53
3.3,Info Launch,0.8325000000000001,PASS,2016-06-20 05:16:26
3.4,DVR Launch,0.9657,FAIL,2016-06-20 05:23:05
4a,VOD Launch Time,0.0,FAIL,2016-06-20 05:31:43
3.4,DVR Launch,2.5974,PASS,2016-06-20 05:35:17
4b,VOD Launch Without Barker CH Display Time,3.4299000000000004,PASS,2016-06-20 05:39:44
1b,Measure Ten Channel Change Time,33.066900000000004,FAIL,2016-06-20 06:41:06
3.1a,Menu Launch Time,1.1988,PASS,2016-06-20 06:43:00
3.2a,GuideLaunchTimeMsrmentWithoutPIP,1.9647,PASS,2016-06-20 06:45:35
3.3,Info Launch,0.7992000000000001,PASS,2016-06-20 06:47:20
3.4,DVR Launch,0.7992,FAIL,2016-06-20 06:55:22
4a,VOD Launch Time,0.0,FAIL,2016-06-20 07:04:17
3.4,DVR Launch,2.0979,PASS,2016-06-20 07:06:49
4b,VOD Launch Without Barker CH Display Time,4.229100000000001,PASS,2016-06-20 07:12:14
1b,Measure Ten Channel Change Time,20.1798,FAIL,2016-06-20 08:08:37
3.1a,Menu Launch Time,0.0,FAIL,2016-06-20 08:15:35
3.2a,GuideLaunchTimeMsrmentWithoutPIP,1.8315,PASS,2016-06-20 08:20:00
3.3,Info Launch,1.1655000000000002,PASS,2016-06-20 08:22:24
3.4,DVR Launch,1.4319,FAIL,2016-06-20 08:30:33
4a,VOD Launch Time,0.0,FAIL,2016-06-20 08:38:21
3.4,DVR Launch,2.3643,PASS,2016-06-20 08:41:17
4b,VOD Launch Without Barker CH Display Time,3.7629000000000006,PASS,2016-06-20 08:45:27
1b,Measure Ten Channel Change Time,19.447200000000002,FAIL,2016-06-20 09:50:21
3.1a,Menu Launch Time,1.2987000000000002,PASS,2016-06-20 09:52:22
3.2a,GuideLaunchTimeMsrmentWithoutPIP,2.2644,PASS,2016-06-20 09:55:27
3.3,Info Launch,0.7992000000000001,PASS,2016-06-20 09:57:03
3.4,DVR Launch,0.9657,FAIL,2016-06-20 10:03:57
4a,VOD Launch Time,0.0,FAIL,2016-06-20 10:12:19
3.4,DVR Launch,3.9294,PASS,2016-06-20 10:17:00
4b,VOD Launch Without Barker CH Display Time,4.9617,PASS,2016-06-20 10:21:42
1b,Measure Ten Channel Change Time,33.5664,PASS,2016-06-20 11:04:56
3.1a,Menu Launch Time,1.332,PASS,2016-06-20 11:07:09
3.2a,GuideLaunchTimeMsrmentWithoutPIP,1.9314,PASS,2016-06-20 11:10:09
3.3,Info Launch,0.7992000000000001,PASS,2016-06-20 11:11:46
3.4,DVR Launch,0.9657,FAIL,2016-06-20 11:19:52
4a,VOD Launch Time,0.0,FAIL,2016-06-20 11:28:17
3.4,DVR Launch,2.664,PASS,2016-06-20 11:31:57
4b,VOD Launch Without Barker CH Display Time,3.8628000000000005,PASS,2016-06-20 11:35:51
1b,Measure Ten Channel Change Time,22.111200000000004,FAIL,2016-06-20 12:32:19
3.1a,Menu Launch Time,1.5318,PASS,2016-06-20 12:34:08
3.2a,GuideLaunchTimeMsrmentWithoutPIP,1.6983,PASS,2016-06-20 12:36:13
3.3,Info Launch,1.332,PASS,2016-06-20 12:38:40
3.4,DVR Launch,0.8991,FAIL,2016-06-20 12:45:54
4a,VOD Launch Time,0.0,FAIL,2016-06-20 12:55:03
3.4,DVR Launch,2.7306,PASS,2016-06-20 12:57:45
4b,VOD Launch Without Barker CH Display Time,4.329000000000001,PASS,2016-06-20 13:03:17
1b,Measure Ten Channel Change Time,27.306000000000004,FAIL,2016-06-20 14:11:56
3.1a,Menu Launch Time,1.7982000000000002,PASS,2016-06-20 14:14:51
3.2a,GuideLaunchTimeMsrmentWithoutPIP,1.998,PASS,2016-06-20 14:18:07
3.3,Info Launch,0.9657000000000001,PASS,2016-06-20 14:20:21
3.4,DVR Launch,1.2321,FAIL,2016-06-20 14:29:23
4a,VOD Launch Time,0.0,FAIL,2016-06-20 14:38:10
3.4,DVR Launch,3.3966,PASS,2016-06-20 14:42:18
4a,VOD Launch Time,4.8658,PASS
4a,VOD Launch Time,4.8874,PASS
4a,VOD Launch Time,5.3898,PASS
4a,VOD Launch Time,11.7832,PASS
4a,VOD Launch Time,5.5157,PASS
1b,Measure Ten Channel Change Time,28.005300000000005,FAIL,2016-06-21 20:35:58
3.1a,Menu Launch Time,0.8658000000000001,PASS,2016-06-21 22:22:13
3.2a,GuideLaunchTimeMsrmentWithoutPIP,1.9314,PASS,2016-06-21 22:25:53
3.3,Info Launch,0.666,PASS,2016-06-21 22:27:56
3.4,DVR Launch,0.6327,FAIL,2016-06-21 22:39:50
4b,VOD Launch Without Barker CH Display Time,3.4299000000000004,PASS,2016-06-21 22:47:04
3.1a,Menu Launch Time,0.7326,PASS,2016-06-21 22:48:57
3.2a,GuideLaunchTimeMsrmentWithoutPIP,2.1978,PASS,2016-06-21 22:53:23
3.3,Info Launch,0.666,PASS,2016-06-21 22:55:44
3.4,DVR Launch,0.7992,FAIL,2016-06-21 23:07:11
4b,VOD Launch Without Barker CH Display Time,3.0969,PASS,2016-06-21 23:13:02
3.1a,Menu Launch Time,0.9324000000000001,PASS,2016-06-21 23:15:33
3.2a,GuideLaunchTimeMsrmentWithoutPIP,1.9314,PASS,2016-06-21 23:19:44
3.3,Info Launch,0.5994,PASS,2016-06-21 23:21:53
3.4,DVR Launch,0.8658,FAIL,2016-06-21 23:33:20
4b,VOD Launch Without Barker CH Display Time,3.3966000000000003,PASS,2016-06-21 23:40:16
3.1a,Menu Launch Time,0.9657000000000001,PASS,2016-06-21 23:42:54
3.2a,GuideLaunchTimeMsrmentWithoutPIP,1.7982,PASS,2016-06-21 23:46:33
3.3,Info Launch,0.5328,PASS,2016-06-21 23:48:32
3.4,DVR Launch,0.666,FAIL,2016-06-21 23:59:52
4b,VOD Launch Without Barker CH Display Time,2.9637000000000002,PASS,2016-06-22 00:06:07
3.1a,Menu Launch Time,0.9324000000000001,PASS,2016-06-22 00:08:41
3.2a,GuideLaunchTimeMsrmentWithoutPIP,1.7316,PASS,2016-06-22 00:12:21
3.3,Info Launch,0.6993,PASS,2016-06-22 00:14:47
3.4,DVR Launch,0.7326,FAIL,2016-06-22 00:26:43
4b,VOD Launch Without Barker CH Display Time,3.1302000000000003,PASS,2016-06-22 00:33:27
3.1a,Menu Launch Time,0.8991000000000001,PASS,2016-06-22 00:35:43
3.2a,GuideLaunchTimeMsrmentWithoutPIP,1.4985,PASS,2016-06-22 00:38:51
3.3,Info Launch,0.6993,PASS,2016-06-22 00:41:04
3.4,DVR Launch,0.7659,FAIL,2016-06-22 00:52:36
4b,VOD Launch Without Barker CH Display Time,3.6963000000000004,PASS,2016-06-22 00:59:36
3.1a,Menu Launch Time,0.8325000000000001,PASS,2016-06-22 01:01:51
3.2a,GuideLaunchTimeMsrmentWithoutPIP,1.5651,PASS,2016-06-22 01:05:30
3.3,Info Launch,0.6327,PASS,2016-06-22 01:07:41
3.4,DVR Launch,0.7992,FAIL,2016-06-22 01:18:38
4b,VOD Launch Without Barker CH Display Time,3.0636,PASS,2016-06-22 01:24:55
3.1a,Menu Launch Time,0.8325000000000001,PASS,2016-06-22 01:27:13
3.2a,GuideLaunchTimeMsrmentWithoutPIP,1.8648,PASS,2016-06-22 01:31:29
3.3,Info Launch,0.5661,PASS,2016-06-22 01:33:30
3.4,DVR Launch,0.7659,FAIL,2016-06-22 01:45:08
4b,VOD Launch Without Barker CH Display Time,3.2301,PASS,2016-06-22 01:51:32
3.1a,Menu Launch Time,0.8991000000000001,PASS,2016-06-22 01:53:50
3.2a,GuideLaunchTimeMsrmentWithoutPIP,1.8648,PASS,2016-06-22 01:58:00
3.3,Info Launch,0.666,PASS,2016-06-22 02:00:05
3.4,DVR Launch,0.7659,FAIL,2016-06-22 02:11:20
4b,VOD Launch Without Barker CH Display Time,3.4965,PASS,2016-06-22 02:18:30
3.1a,Menu Launch Time,0.9990000000000001,PASS,2016-06-22 02:21:12
3.2a,GuideLaunchTimeMsrmentWithoutPIP,1.7982,PASS,2016-06-22 02:24:48
3.3,Info Launch,0.5994,PASS,2016-06-22 02:26:51
3.4,DVR Launch,0.6993,FAIL,2016-06-22 02:38:46
4b,VOD Launch Without Barker CH Display Time,3.8628000000000005,PASS,2016-06-22 02:46:29
3.1a,Menu Launch Time,1.1322,PASS,2016-06-22 02:49:24
3.2a,GuideLaunchTimeMsrmentWithoutPIP,1.8315,PASS,2016-06-22 02:53:06
3.3,Info Launch,0.6993,PASS,2016-06-22 02:55:11
3.4,DVR Launch,0.6993,FAIL,2016-06-22 03:06:50
4b,VOD Launch Without Barker CH Display Time,4.0293,PASS,2016-06-22 03:14:46
3.1a,Menu Launch Time,0.6993,PASS,2016-06-22 03:16:57
3.2a,GuideLaunchTimeMsrmentWithoutPIP,2.4642,PASS,2016-06-22 03:21:38
3.3,Info Launch,0.5661,PASS,2016-06-22 03:23:40
3.4,DVR Launch,0.8325,FAIL,2016-06-22 03:35:07
4b,VOD Launch Without Barker CH Display Time,3.0636,PASS,2016-06-22 03:41:34
3.1a,Menu Launch Time,0.9324000000000001,PASS,2016-06-22 03:44:03
3.2a,GuideLaunchTimeMsrmentWithoutPIP,1.665,PASS,2016-06-22 03:47:51
3.3,Info Launch,0.5994,PASS,2016-06-22 03:49:24
3.4,DVR Launch,0.7992,FAIL,2016-06-22 04:00:56
4b,VOD Launch Without Barker CH Display Time,3.7962000000000002,PASS,2016-06-22 04:09:02
3.1a,Menu Launch Time,1.0323,PASS,2016-06-22 04:11:54
3.2a,GuideLaunchTimeMsrmentWithoutPIP,0,FAIL,2016-06-22 04:23:30
3.3,Info Launch,0.6327,PASS,2016-06-22 04:25:45
3.4,DVR Launch,0.7326,FAIL,2016-06-22 04:38:08
4b,VOD Launch Without Barker CH Display Time,3.1302000000000003,PASS,2016-06-22 04:44:45
3.1a,Menu Launch Time,0.9324000000000001,PASS,2016-06-22 04:47:11
3.2a,GuideLaunchTimeMsrmentWithoutPIP,0,FAIL,2016-06-22 04:59:05
3.3,Info Launch,0.7659,PASS,2016-06-22 05:01:30
3.4,DVR Launch,0.7992,FAIL,2016-06-22 05:13:14
4b,VOD Launch Without Barker CH Display Time,3.0969,PASS,2016-06-22 05:19:28
3.1a,Menu Launch Time,0.9657000000000001,PASS,2016-06-22 05:21:22
3.2a,GuideLaunchTimeMsrmentWithoutPIP,1.3653,PASS,2016-06-22 05:24:18
3.3,Info Launch,0.5661,PASS,2016-06-22 05:26:07
3.4,DVR Launch,0.999,FAIL,2016-06-22 05:37:33
4b,VOD Launch Without Barker CH Display Time,3.2301,PASS,2016-06-22 05:44:41
3.1a,Menu Launch Time,1.1988,PASS,2016-06-22 05:47:24
3.2a,GuideLaunchTimeMsrmentWithoutPIP,1.7982,PASS,2016-06-22 05:51:28
3.3,Info Launch,0.5661,PASS,2016-06-22 05:53:17
3.4,DVR Launch,0.9324,FAIL,2016-06-22 06:04:06
4b,VOD Launch Without Barker CH Display Time,3.2634000000000003,PASS,2016-06-22 06:11:13
3.1a,Menu Launch Time,0.8991000000000001,PASS,2016-06-22 06:13:40
3.2a,GuideLaunchTimeMsrmentWithoutPIP,1.665,PASS,2016-06-22 06:17:32
3.3,Info Launch,0.5661,PASS,2016-06-22 06:19:11
3.4,DVR Launch,0.7326,FAIL,2016-06-22 06:30:14
4b,VOD Launch Without Barker CH Display Time,3.4965,PASS,2016-06-22 06:37:30
3.1a,Menu Launch Time,0.9324000000000001,PASS,2016-06-22 06:39:49
3.2a,GuideLaunchTimeMsrmentWithoutPIP,1.998,PASS,2016-06-22 06:44:05
3.3,Info Launch,0.7992000000000001,PASS,2016-06-22 06:46:15
3.4,DVR Launch,0.7326,FAIL,2016-06-22 06:58:19
4b,VOD Launch Without Barker CH Display Time,3.4299000000000004,PASS,2016-06-22 07:05:15
3.1a,Menu Launch Time,0.9990000000000001,PASS,2016-06-22 07:07:39
3.2a,GuideLaunchTimeMsrmentWithoutPIP,1.9647,PASS,2016-06-22 07:11:33
3.3,Info Launch,0.6327,PASS,2016-06-22 07:13:44
3.4,DVR Launch,0.7659,FAIL,2016-06-22 07:25:42
4b,VOD Launch Without Barker CH Display Time,3.5631000000000004,PASS,2016-06-22 07:33:01
3.1a,Menu Launch Time,1.3653000000000002,PASS,2016-06-22 07:36:29
3.2a,GuideLaunchTimeMsrmentWithoutPIP,2.3976,PASS,2016-06-22 07:41:09
3.3,Info Launch,0.7992000000000001,PASS,2016-06-22 07:43:30
3.4,DVR Launch,0.7326,FAIL,2016-06-22 07:56:37
4b,VOD Launch Without Barker CH Display Time,3.4965,PASS,2016-06-22 08:03:47
3.1a,Menu Launch Time,0.9990000000000001,PASS,2016-06-22 08:06:15
3.2a,GuideLaunchTimeMsrmentWithoutPIP,1.4985,PASS,2016-06-22 08:09:40
3.3,Info Launch,0.7659,PASS,2016-06-22 08:11:55
3.4,DVR Launch,0.8658,FAIL,2016-06-22 08:23:10
4b,VOD Launch Without Barker CH Display Time,3.4632000000000005,PASS,2016-06-22 08:30:37
3.1a,Menu Launch Time,1.0656,PASS,2016-06-22 08:33:09
3.2a,GuideLaunchTimeMsrmentWithoutPIP,1.4985,PASS,2016-06-22 08:36:04
3.3,Info Launch,0.6327,PASS,2016-06-22 08:38:02
3.4,DVR Launch,0.8658,FAIL,2016-06-22 08:50:08
4b,VOD Launch Without Barker CH Display Time,3.2967000000000004,PASS,2016-06-22 08:56:30
3.1a,Menu Launch Time,1.0989000000000002,PASS,2016-06-22 08:58:58
3.2a,GuideLaunchTimeMsrmentWithoutPIP,1.7649,PASS,2016-06-22 09:02:34
3.3,Info Launch,0.7659,PASS,2016-06-22 09:04:44
3.4,DVR Launch,0.8991,FAIL,2016-06-22 09:15:38
4b,VOD Launch Without Barker CH Display Time,3.1635000000000004,PASS,2016-06-22 09:20:58
3.1a,Menu Launch Time,1.0323,PASS,2016-06-22 09:23:09
3.2a,GuideLaunchTimeMsrmentWithoutPIP,1.3986,PASS,2016-06-22 09:25:41
3.3,Info Launch,0.666,PASS,2016-06-22 09:27:27
3.4,DVR Launch,0.999,FAIL,2016-06-22 09:38:08
4b,VOD Launch Without Barker CH Display Time,3.5964000000000005,PASS,2016-06-22 09:43:31
3.1a,Menu Launch Time,1.0323,PASS,2016-06-22 09:45:48
3.2a,GuideLaunchTimeMsrmentWithoutPIP,2.0646,PASS,2016-06-22 09:48:51
3.3,Info Launch,0.8991000000000001,PASS,2016-06-22 09:51:01
3.4,DVR Launch,0.8991,FAIL,2016-06-22 10:01:17
4b,VOD Launch Without Barker CH Display Time,3.5964000000000005,PASS,2016-06-22 10:05:58
3.1a,Menu Launch Time,1.1322,PASS,2016-06-22 10:07:53
3.2a,GuideLaunchTimeMsrmentWithoutPIP,1.8648,PASS,2016-06-22 10:10:33
3.3,Info Launch,0.8325000000000001,PASS,2016-06-22 10:12:24
3.4,DVR Launch,1.0989,FAIL,2016-06-22 10:20:48
4b,VOD Launch Without Barker CH Display Time,3.3966000000000003,PASS,2016-06-22 10:24:25
3.1a,Menu Launch Time,1.1988,PASS,2016-06-22 10:26:48
3.2a,GuideLaunchTimeMsrmentWithoutPIP,2.0313,PASS,2016-06-22 10:30:01
3.3,Info Launch,0.6993,PASS,2016-06-22 10:31:57
3.4,DVR Launch,0.8991,FAIL,2016-06-22 10:38:44
4b,VOD Launch Without Barker CH Display Time,3.9627000000000003,PASS,2016-06-22 10:43:00
3.1a,Menu Launch Time,1.332,PASS,2016-06-22 10:45:10
3.2a,GuideLaunchTimeMsrmentWithoutPIP,2.1978,PASS,2016-06-22 10:48:21
3.3,Info Launch,0.8325000000000001,PASS,2016-06-22 10:50:14
3.4,DVR Launch,0.999,FAIL,2016-06-22 10:58:07
4b,VOD Launch Without Barker CH Display Time,3.5631000000000004,PASS,2016-06-22 11:02:00
3.1a,Menu Launch Time,1.2321000000000002,PASS,2016-06-22 11:04:00
3.2a,GuideLaunchTimeMsrmentWithoutPIP,1.665,PASS,2016-06-22 11:06:17
3.3,Info Launch,0.666,PASS,2016-06-22 11:07:34
3.4,DVR Launch,0.6993,FAIL,2016-06-22 11:14:30
4b,VOD Launch Without Barker CH Display Time,3.2967000000000004,PASS,2016-06-22 11:19:49
3.1a,Menu Launch Time,1.0989000000000002,PASS,2016-06-22 11:21:57
3.2a,GuideLaunchTimeMsrmentWithoutPIP,1.3986,PASS,2016-06-22 11:23:59
3.3,Info Launch,0.6327,PASS,2016-06-22 11:25:21
3.4,DVR Launch,0.7992,FAIL,2016-06-22 11:32:08
4b,VOD Launch Without Barker CH Display Time,3.5631000000000004,PASS,2016-06-22 11:36:52
3.1a,Menu Launch Time,1.1322,PASS,2016-06-22 11:38:56
3.2a,GuideLaunchTimeMsrmentWithoutPIP,1.5318,PASS,2016-06-22 11:41:12
3.3,Info Launch,0.8325000000000001,PASS,2016-06-22 11:42:53
3.4,DVR Launch,0.7659,FAIL,2016-06-22 11:48:45
4b,VOD Launch Without Barker CH Display Time,3.5631000000000004,PASS,2016-06-22 11:53:19
3.1a,Menu Launch Time,1.0656,PASS,2016-06-22 11:55:24
3.2a,GuideLaunchTimeMsrmentWithoutPIP,1.8981,PASS,2016-06-22 11:58:33
3.3,Info Launch,0.7326,PASS,2016-06-22 12:00:01
3.4,DVR Launch,0.9324,FAIL,2016-06-22 12:06:24
4b,VOD Launch Without Barker CH Display Time,3.6297,PASS,2016-06-22 12:10:54
3.1a,Menu Launch Time,1.0323,PASS,2016-06-22 12:13:04
3.2a,GuideLaunchTimeMsrmentWithoutPIP,2.4642,PASS,2016-06-22 12:16:49
3.3,Info Launch,0.8325000000000001,PASS,2016-06-22 12:18:44
3.4,DVR Launch,0.5994,FAIL,2016-06-22 12:24:46
4b,VOD Launch Without Barker CH Display Time,3.9627000000000003,PASS,2016-06-22 12:29:25
3.1a,Menu Launch Time,0.9657000000000001,PASS,2016-06-22 12:30:59
3.2a,GuideLaunchTimeMsrmentWithoutPIP,1.5318,PASS,2016-06-22 12:32:43
3.3,Info Launch,0.7992000000000001,PASS,2016-06-22 12:34:08
3.4,DVR Launch,0.8658,FAIL,2016-06-22 12:40:47
4b,VOD Launch Without Barker CH Display Time,3.2301,PASS,2016-06-22 12:44:08
3.1a,Menu Launch Time,1.0989000000000002,PASS,2016-06-22 12:46:14
3.2a,GuideLaunchTimeMsrmentWithoutPIP,1.8648,PASS,2016-06-22 12:49:05
3.3,Info Launch,0.6327,PASS,2016-06-22 12:50:42
3.4,DVR Launch,0.7326,FAIL,2016-06-22 12:57:31
4b,VOD Launch Without Barker CH Display Time,3.5298000000000003,PASS,2016-06-22 13:01:20
3.1a,Menu Launch Time,0.9324000000000001,PASS,2016-06-22 13:02:37
3.2a,GuideLaunchTimeMsrmentWithoutPIP,1.5318,PASS,2016-06-22 13:04:43
3.3,Info Launch,0.6993,PASS,2016-06-22 13:06:13
3.4,DVR Launch,0.8991,FAIL,2016-06-22 13:14:04
4b,VOD Launch Without Barker CH Display Time,3.8628000000000005,PASS,2016-06-22 13:23:54
3.1a,Menu Launch Time,0.7992000000000001,PASS,2016-06-22 13:26:21
3.2a,GuideLaunchTimeMsrmentWithoutPIP,1.1988,PASS,2016-06-22 13:29:47
3.3,Info Launch,0.6327,PASS,2016-06-22 13:32:15
3.4,DVR Launch,0.7326,FAIL,2016-06-22 13:45:17
4b,VOD Launch Without Barker CH Display Time,3.1635000000000004,PASS,2016-06-22 13:53:49
3.1a,Menu Launch Time,0.8991000000000001,PASS,2016-06-22 13:56:42
3.2a,GuideLaunchTimeMsrmentWithoutPIP,1.5651,PASS,2016-06-22 14:00:57
3.3,Info Launch,0.7992000000000001,PASS,2016-06-22 14:03:34
3.4,DVR Launch,1.0989,FAIL,2016-06-22 14:17:07
4b,VOD Launch Without Barker CH Display Time,3.1968000000000005,PASS,2016-06-22 14:24:28
3.1a,Menu Launch Time,0.8325000000000001,PASS,2016-06-22 14:27:05
3.2a,GuideLaunchTimeMsrmentWithoutPIP,1.0989,PASS,2016-06-22 14:36:50
3.3,Info Launch,0.7326,PASS,2016-06-22 14:39:29
3.4,DVR Launch,0.7992,FAIL,2016-06-22 14:54:31
4b,VOD Launch Without Barker CH Display Time,3.2301,PASS,2016-06-22 15:01:24
1b,Measure Ten Channel Change Time,27.705599999999997,PASS,2016-06-22 23:08:41
1b,Measure Ten Channel Change Time,33.066900000000004,PASS,2016-06-23 00:46:42
1b,Measure Ten Channel Change Time,29.670300000000005,PASS,2016-06-23 02:19:37
1b,Measure Ten Channel Change Time,35.23140000000001,PASS,2016-06-23 03:59:09
1b,Measure Ten Channel Change Time,39.360600000000005,PASS,2016-06-23 06:00:12
1b,Measure Ten Channel Change Time,35.631000000000014,PASS,2016-06-23 07:33:18
1b,Measure Ten Channel Change Time,27.605700000000006,FAIL,2016-06-23 09:45:21
1b,Measure Ten Channel Change Time,32.500800000000005,FAIL,2016-06-23 12:01:59
1b,Measure Ten Channel Change Time,26.107200000000002,PASS,2016-06-23 13:54:33
